log_raised_by_quarter,tokenforsale_dummy,kyc_dummy,whitelist_dummy,listing_dummy
20.89957,1,1,1,0
20.89957,1,1,1,0
22.06915,1,1,1,0
19.63956,1,0,0,0
22.53391,1,1,1,0
22.27552,1,0,0,0
22.41159,1,0,0,0
20.89957,1,0,1,0
22.53391,1,0,1,0
20.89957,1,0,1,0
22.41159,1,1,0,0
20.89957,1,1,0,0
22.06915,1,0,1,0
22.06915,1,1,0,0
18.90116,1,1,1,0
19.63956,1,1,1,0
22.27552,1,0,0,0
22.06915,1,1,0,0
22.06915,1,1,1,0
22.41159,1,0,0,0
22.53391,1,0,0,0
20.89957,1,1,1,0
22.06915,1,1,1,0
22.06915,1,1,1,0
22.53391,1,0,0,0
22.27552,1,0,0,0
22.06915,1,1,1,0
19.63956,1,0,0,0
22.06915,1,1,0,0
22.06915,1,1,1,0
22.41159,1,0,0,0
22.41159,1,1,0,0
19.63956,1,0,0,0
22.06915,1,1,0,0
22.41159,1,1,1,0
20.89957,1,1,1,0
22.53391,1,0,1,0
22.53391,1,0,0,0
22.41159,1,1,0,0
20.89957,1,0,0,0
20.89957,1,1,0,0
22.06915,1,0,1,0
22.06915,1,1,0,0
18.86238,1,1,0,0
22.06915,1,0,0,0
21.53017,1,0,0,0
22.06915,1,0,0,0
22.06915,1,1,0,0
22.53391,1,0,0,0
22.27552,1,0,0,0
22.06915,1,1,0,0
22.41159,1,1,0,0
22.06915,1,0,0,0
19.63956,1,0,1,0
20.89957,0,1,0,0
22.27552,1,1,1,0
22.41159,1,1,0,0
22.39378,0,0,0,0
20.89957,1,0,0,0
20.89957,1,0,0,0
22.41159,1,1,0,0
22.41159,1,0,1,0
22.06915,1,1,1,0
20.89957,1,1,1,0
22.06915,1,1,1,0
22.27552,1,0,0,0
22.27552,1,0,0,0
22.06915,1,1,1,0
22.06915,1,1,1,0
22.06915,1,0,1,0
20.89957,1,0,1,0
22.27552,1,1,0,0
22.41159,1,1,1,0
22.06915,1,0,0,0
20.89957,1,0,1,0
20.89957,1,0,0,0
22.53391,1,0,0,0
22.53391,1,0,1,0
20.89957,1,1,1,0
22.41159,1,1,1,0
22.53391,1,0,0,0
19.63956,1,1,0,0
18.86238,1,1,0,0
22.41159,1,0,0,0
20.89957,1,0,1,0
22.53391,1,0,1,0
22.41159,1,0,0,0
22.53391,1,1,0,0
22.53391,1,1,0,0
22.41159,1,1,1,0
20.89957,1,0,1,0
20.89957,1,1,0,0
18.86238,1,0,0,0
20.89957,1,0,0,0
22.06915,1,1,1,0
21.53017,1,1,0,0
22.06915,1,1,1,0
22.06915,1,1,1,0
22.27552,1,0,0,0
22.06915,1,1,0,0
20.89957,1,1,1,0
22.41159,1,0,0,0
21.72063,1,0,0,0
20.89957,1,0,1,0
22.06915,1,1,1,0
19.63956,1,0,1,0
20.89957,1,0,0,0
22.27552,1,0,0,0
22.27552,1,0,0,0
18.86238,1,1,1,0
20.89957,1,0,0,0
20.89957,1,1,1,0
22.53391,1,1,0,0
22.53391,1,0,1,0
22.06915,1,1,1,0
22.53391,0,0,0,0
19.63956,1,0,1,0
22.41159,1,0,0,0
22.41159,1,1,0,0
22.41159,1,1,1,0
22.53391,1,0,0,0
22.41159,1,1,0,0
22.53391,1,0,0,0
22.06915,1,1,0,0
18.86238,1,1,1,0
19.63956,1,1,1,0
22.06915,1,1,1,0
22.06915,1,1,0,0
22.06915,1,1,1,0
18.86238,1,0,1,0
22.06915,1,1,1,0
19.63956,1,0,1,0
22.41159,1,1,0,0
19.63956,1,0,1,0
20.89957,1,1,1,0
19.63956,1,0,1,0
22.27552,1,0,0,0
20.89957,1,0,1,0
22.41159,1,0,0,0
21.53017,1,0,0,0
22.06915,1,1,1,0
22.06915,1,1,0,0
22.41159,1,1,0,0
22.06915,1,1,1,0
22.41159,1,1,0,0
22.53391,1,1,0,0
22.06915,1,1,0,0
22.53391,1,0,1,0
20.89957,1,0,0,0
16.87992,1,0,0,0
22.06915,1,1,0,0
22.06915,1,0,0,0
22.27552,1,1,0,0
22.53391,1,0,0,0
20.89957,1,0,0,0
22.06915,1,0,0,0
20.89957,1,1,1,0
19.63956,1,1,1,0
22.53391,1,0,0,0
21.72063,1,0,0,0
22.27552,0,1,0,0
22.41159,1,1,1,0
22.41159,1,1,1,0
22.06915,1,1,1,0
20.89957,1,0,0,0
20.89957,1,1,1,0
22.53391,1,1,1,0
19.63956,1,0,0,0
22.06915,1,1,1,0
20.89957,1,1,1,0
22.06915,1,0,1,0
18.86238,1,0,1,0
20.89957,1,0,0,0
19.63956,1,1,1,0
22.41159,1,1,0,0
19.63956,1,0,0,0
22.27552,1,1,0,0
22.27552,1,0,0,0
19.63956,1,1,0,0
22.27552,0,0,0,0
18.86238,1,0,1,0
21.53017,0,0,0,0
22.06915,0,0,0,0
18.86238,1,0,1,0
22.06915,1,0,0,0
22.27552,1,0,0,0
22.41159,1,1,1,0
20.89957,1,0,1,0
22.27552,1,1,0,0
22.41159,1,1,1,0
20.89957,1,1,1,0
22.41159,1,0,0,0
22.06915,1,1,0,0
22.53391,1,0,0,0
22.06915,1,0,1,0
22.41159,1,0,0,0
22.39378,1,0,0,0
22.41159,1,1,0,0
18.86238,1,1,0,0
22.41159,1,1,0,0
20.89957,1,0,0,0
22.27552,1,0,0,0
22.53391,1,0,0,0
22.27552,0,0,0,0
20.89957,1,0,0,0
22.53391,1,1,1,0
21.53017,1,0,0,0
22.06915,1,1,0,0
20.89957,1,0,1,0
22.06915,1,1,0,0
22.41159,1,0,0,0
21.53017,1,0,0,0
22.53391,1,0,0,0
22.53391,1,1,1,0
19.63956,1,0,0,0
20.89957,1,1,1,0
22.06915,1,1,1,0
22.06915,1,0,1,0
20.89957,1,0,0,0
22.53391,1,0,0,0
18.90116,1,0,0,0
22.06915,1,1,0,0
22.27552,1,0,0,0
21.72063,0,0,0,0
20.89957,1,1,1,0
20.89957,1,1,1,0
19.63956,1,1,1,0
21.72063,1,1,0,0
19.63956,1,0,1,0
21.72063,1,0,0,0
20.89957,1,0,1,0
22.53391,1,1,1,0
22.53391,1,1,1,0
19.63956,1,0,0,0
22.27552,1,0,0,0
22.41159,1,0,1,0
22.39378,1,1,0,0
22.53391,1,0,1,0
22.41159,1,1,0,0
22.41159,1,0,0,0
18.86238,1,1,1,0
22.53391,1,0,0,0
21.53017,1,1,0,0
22.06915,1,1,1,0
21.53017,0,0,0,0
18.86238,1,0,0,0
22.06915,1,1,1,0
22.06915,1,1,0,0
22.27552,1,0,0,0
20.89957,1,0,1,0
21.72063,1,0,0,0
22.41159,1,0,0,0
20.89957,1,1,0,0
22.06915,1,0,0,0
18.86238,1,1,1,0
19.63956,1,0,0,0
19.63956,1,1,0,0
18.86238,1,1,1,0
18.86238,1,1,0,0
22.27552,1,0,0,0
20.89957,1,1,0,0
22.41159,1,1,1,0
22.53391,1,1,0,0
20.89957,1,0,1,0
18.86238,1,1,1,0
22.06915,1,0,0,0
19.63956,1,1,1,0
22.06915,1,1,1,0
20.89957,1,1,0,0
22.41159,1,1,1,0
22.53391,1,1,1,0
22.41159,1,1,0,0
20.89957,1,0,1,0
22.41159,1,0,1,0
22.27552,0,0,0,0
20.89957,1,1,1,0
22.41159,1,1,0,0
22.53391,1,0,1,0
22.53391,1,0,0,0
22.06915,1,1,0,0
22.41159,1,0,0,0
22.06915,1,1,1,0
20.89957,1,1,1,0
20.89957,1,0,1,0
22.27552,1,0,0,0
19.63956,1,1,1,0
19.63956,1,1,1,0
19.63956,1,0,1,0
20.89957,1,1,0,0
21.53017,1,1,1,0
22.06915,1,1,1,0
22.41159,1,0,1,0
21.53017,1,1,1,0
22.41159,1,1,1,0
19.63956,1,0,1,0
22.06915,1,1,1,0
22.06915,1,1,1,0
21.53017,1,0,0,0
22.53391,1,0,0,0
22.41159,1,0,0,0
21.72063,0,0,0,0
22.06915,1,1,1,0
22.06915,1,1,0,0
22.53391,1,0,1,0
22.41159,1,1,1,0
22.41159,1,1,0,0
22.41159,1,1,1,0
22.27552,0,0,0,0
22.06915,1,0,1,0
20.89957,1,0,1,0
20.89957,1,1,1,0
21.72063,1,0,0,0
22.06915,1,0,0,0
22.41159,1,1,1,0
22.41159,1,0,0,0
19.63956,1,1,1,0
22.53391,1,0,1,0
22.06915,1,0,1,0
20.89957,1,0,1,0
22.41159,1,0,0,0
22.41159,1,1,1,0
19.63956,1,0,0,0
22.53391,1,1,1,0
22.53391,1,1,0,0
22.27552,1,0,0,0
18.86238,1,0,0,0
22.39378,1,0,0,0
19.63956,1,1,0,0
21.53017,1,1,1,0
19.63956,1,1,0,0
22.53391,1,0,0,0
22.53391,1,0,0,0
22.53391,1,0,1,0
22.06915,1,1,1,0
22.27552,1,0,0,0
22.06915,1,1,1,0
20.89957,1,1,1,0
22.53391,1,0,0,0
22.53391,1,0,0,0
22.53391,1,1,1,0
19.63956,1,0,1,0
18.86238,1,1,1,0
22.06915,1,1,0,0
22.53391,1,0,0,0
22.53391,0,1,0,0
22.27552,1,1,1,0
22.06915,1,1,1,0
22.41159,1,1,1,0
22.27552,1,0,0,0
22.06915,1,0,0,0
22.06915,1,0,1,0
22.27552,1,0,0,0
22.06915,1,1,0,0
22.41159,1,1,1,0
22.41159,1,0,0,0
22.27552,1,0,0,0
20.89957,0,0,0,0
22.06915,1,0,1,0
21.53017,1,1,1,0
19.2891,0,0,0,0
22.41159,1,1,1,0
20.89957,1,0,0,0
22.53391,1,0,0,0
22.41159,1,0,0,0
20.89957,1,1,0,0
21.53017,1,0,0,0
22.41159,1,1,1,0
22.06915,1,1,0,0
22.53391,1,1,0,0
18.86238,1,1,1,0
22.41159,1,0,0,0
22.27552,0,0,0,1
22.06915,1,1,1,0
22.27552,0,0,0,0
22.06915,1,1,0,0
22.41159,1,0,1,0
21.53017,1,0,0,0
22.06915,1,1,1,0
22.27552,1,0,0,0
18.86238,1,0,1,0
22.53391,1,0,0,0
18.86238,1,1,1,0
22.53391,1,0,0,0
21.72063,0,0,0,0
18.86238,1,1,1,0
22.06915,1,1,0,0
18.86238,1,0,1,0
22.06915,1,0,0,0
19.63956,1,0,1,0
19.63956,1,1,1,0
22.41159,1,0,0,0
22.27552,1,0,0,0
21.72063,1,0,0,0
22.06915,1,1,0,0
17.43159,0,0,0,0
22.06915,1,0,1,0
22.41159,1,0,0,0
20.89957,1,0,1,0
21.72063,1,0,0,0
22.41159,1,0,1,0
21.72063,1,0,0,0
22.41159,1,0,0,0
21.53017,1,0,0,0
22.53391,1,0,0,0
18.90116,1,0,0,0
19.63956,1,0,0,0
18.86238,1,0,1,0
20.89957,1,1,1,0
22.27552,1,0,0,0
22.53391,1,1,0,0
22.06915,1,1,0,0
22.41159,1,1,1,0
20.89957,1,0,0,0
20.89957,1,0,1,0
22.41159,1,1,0,0
19.63956,1,0,0,0
21.72063,0,0,0,0
18.86238,1,1,1,0
20.89957,1,0,1,0
22.53391,1,0,0,0
19.63956,1,0,1,0
18.86238,1,0,1,0
20.89957,0,1,0,0
22.06915,1,1,0,0
22.27552,1,0,0,0
21.53017,1,1,0,0
19.63956,1,1,1,0
20.89957,1,0,1,0
22.41159,1,1,0,0
20.89957,1,1,1,0
21.53017,1,0,1,0
22.06915,1,0,0,0
21.53017,0,0,0,0
19.63956,1,1,1,0
22.41159,0,0,0,0
22.53391,1,1,1,0
20.89957,1,1,1,0
22.27552,1,0,0,0
22.27552,1,0,0,0
22.41159,1,1,0,0
21.53017,1,1,1,0
20.89957,1,1,0,0
19.63956,1,0,0,0
20.89957,1,1,1,0
22.06915,1,1,0,0
22.27552,1,1,0,0
20.89957,1,0,1,0
22.27552,1,0,0,0
20.89957,1,0,1,0
19.63956,1,1,1,0
22.53391,1,0,0,0
20.89957,1,0,1,0
20.89957,1,1,1,0
22.53391,1,0,0,0
19.63956,1,1,1,0
22.06915,1,0,0,0
22.06915,1,0,1,0
22.27552,1,0,0,0
19.63956,1,1,1,0
20.89957,1,1,1,0
22.06915,1,1,1,0
19.63956,1,0,1,0
22.53391,1,1,0,0
22.41159,1,1,0,0
20.89957,1,1,1,0
22.06915,1,1,1,0
20.89957,1,0,0,0
22.06915,1,1,1,0
20.89957,1,1,1,0
18.86238,1,0,1,0
22.53391,1,0,0,0
21.72063,1,0,0,0
19.63956,1,1,1,0
20.89957,1,1,0,0
22.53391,1,1,0,0
22.27552,1,0,0,0
22.53391,1,0,0,0
22.06915,1,1,1,0
22.53391,1,1,1,0
20.89957,1,0,1,0
22.06915,1,1,1,0
22.06915,1,0,0,0
20.89957,1,1,1,0
22.53391,0,0,0,0
20.89957,1,0,1,0
22.27552,1,0,0,0
22.41159,1,0,0,0
20.89957,1,1,1,0
22.27552,1,0,0,0
19.63956,1,1,0,0
20.89957,0,0,1,0
22.53391,1,1,1,0
22.39378,1,0,0,0
19.63956,1,0,0,0
22.41159,1,1,0,0
20.89957,1,1,0,0
18.86238,1,1,1,0
22.41159,1,0,0,0
22.53391,1,0,0,0
19.63956,1,0,1,0
22.06915,1,1,1,0
22.41159,1,0,0,0
21.53017,1,1,1,0
22.06915,1,1,1,0
20.89957,1,0,0,0
20.89957,1,1,1,0
22.41159,1,0,0,0
22.41159,1,0,0,0
19.63956,1,0,1,0
22.41159,1,0,0,0
22.41159,1,1,1,1
19.63956,1,0,1,0
20.89957,1,0,1,0
22.41159,1,1,1,0
20.89957,1,0,0,0
20.89957,1,1,1,0
20.89957,1,0,0,0
18.86238,1,0,0,0
20.89957,1,1,1,0
22.53391,1,1,1,0
21.53017,1,1,0,0
21.53017,1,1,1,0
22.53391,1,0,0,0
22.53391,1,0,0,0
20.89957,1,0,1,0
22.06915,1,0,0,0
22.41159,1,0,0,0
20.89957,1,0,0,0
19.63956,1,0,0,0
22.53391,1,0,0,0
19.63956,1,0,1,0
19.63956,1,1,0,0
22.06915,1,0,0,0
21.72063,0,0,0,0
22.53391,1,0,0,0
20.89957,1,0,0,0
20.89957,1,1,1,0
22.06915,1,0,0,0
22.06915,1,1,1,0
20.89957,1,1,1,0
21.72063,1,0,0,0
21.72063,0,0,0,0
20.89957,1,1,1,0
19.63956,1,0,0,0
20.89957,1,1,1,0
22.27552,1,0,0,0
22.53391,1,1,0,0
22.06915,1,1,1,0
22.53391,1,0,0,0
22.06915,1,1,0,0
19.63956,1,1,1,0
22.06915,1,0,1,0
22.53391,1,0,0,0
22.41159,1,1,0,0
22.53391,1,1,1,0
20.89957,1,0,1,0
22.06915,1,0,0,0
19.63956,1,0,1,0
22.06915,1,0,1,0
22.06915,1,0,0,0
22.53391,1,0,0,0
18.86238,1,0,1,0
19.63956,1,1,1,0
22.06915,1,1,1,0
22.06915,1,0,0,0
22.06915,1,0,0,0
22.41159,1,1,1,0
22.53391,1,0,0,0
20.89957,1,1,1,0
20.89957,1,1,0,0
22.53391,0,1,0,0
22.06915,1,0,0,0
18.86238,1,1,1,0
22.41159,1,0,0,0
22.06915,1,1,0,0
19.63956,1,0,0,0
22.06915,1,0,1,0
22.06915,1,1,1,0
22.41159,1,1,1,0
19.63956,1,0,1,0
22.41159,1,0,0,0
20.89957,1,0,1,0
20.89957,1,1,1,0
22.27552,1,0,0,0
21.53017,1,0,1,0
22.27552,0,0,0,0
22.53391,1,1,1,0
22.41159,1,0,0,0
20.89957,1,1,1,0
22.41159,1,1,1,0
22.53391,1,1,0,0
22.06915,1,1,1,0
21.53017,1,1,0,0
22.41159,1,1,1,0
22.53391,1,0,0,0
20.89957,1,0,0,0
18.86238,1,1,1,0
19.63956,1,1,1,0
21.53017,1,1,1,0
19.63956,1,0,0,0
21.53017,1,1,0,0
21.72063,0,0,0,0
20.89957,1,0,0,0
22.27552,1,1,0,0
22.41159,1,0,0,0
21.53017,1,1,0,0
22.41159,1,0,0,0
19.63956,1,0,1,0
20.89957,1,1,1,0
22.06915,1,1,0,0
21.72063,1,0,0,0
22.53391,1,0,0,0
19.63956,1,0,1,0
20.89957,1,0,1,0
20.89957,1,0,1,0
20.89957,1,0,1,0
20.89957,1,1,1,0
22.41159,1,1,1,0
22.06915,1,0,0,0
18.86238,1,1,1,0
22.41159,1,1,0,0
22.53391,1,1,0,0
20.89957,1,0,1,0
21.72063,0,0,0,0
22.06915,1,0,0,0
22.06915,1,1,0,0
22.41159,1,0,0,0
22.41159,1,0,0,0
17.43159,0,0,0,0
18.86238,1,0,1,0
22.53391,1,0,1,0
20.89957,1,1,0,0
21.72063,0,0,0,0
19.63956,1,0,1,0
22.06915,1,0,1,0
22.06915,1,0,0,0
22.41159,1,1,1,0
18.86238,1,1,0,0
22.41159,1,0,1,0
20.89957,1,1,1,0
22.53391,1,0,0,0
20.89957,1,1,1,0
22.06915,1,0,0,0
21.53017,1,1,0,0
22.53391,0,1,1,0
22.53391,1,0,0,0
22.27552,1,1,1,0
22.06915,1,0,0,0
20.89957,1,0,1,0
22.41159,1,1,1,0
22.53391,0,1,0,0
22.27552,1,0,0,0
21.53017,1,1,1,0
18.86238,1,0,1,0
20.89957,1,1,1,0
22.06915,1,0,0,0
22.27552,0,0,0,0
20.89957,1,0,0,0
22.06915,1,0,1,0
19.63956,1,1,1,0
22.53391,1,0,1,0
22.06915,1,1,0,0
22.53391,1,0,0,0
22.53391,1,0,0,0
22.53391,1,1,1,0
22.41159,1,0,0,0
22.06915,1,1,1,0
22.06915,1,1,0,0
20.89957,1,0,1,0
22.06915,1,1,1,0
19.63956,1,1,0,0
20.89957,1,1,0,0
20.89957,1,0,1,0
20.89957,1,1,1,0
19.63956,1,1,1,0
22.41159,1,1,1,0
22.27552,1,0,0,0
22.27552,1,1,0,0
22.53391,1,1,1,0
22.41159,1,1,1,0
19.63956,1,1,1,0
20.89957,1,1,1,0
20.89957,1,0,1,0
22.27552,1,0,0,0
19.63956,1,0,0,0
19.63956,1,0,1,0
22.06915,1,0,0,0
20.89957,1,0,1,0
22.41159,1,1,1,0
22.41159,1,0,0,0
22.06915,1,0,0,0
22.53391,1,1,0,0
22.27552,1,0,0,0
20.89957,1,0,1,0
20.89957,1,1,0,0
22.06915,1,0,0,0
20.89957,1,1,1,0
20.89957,1,1,1,0
22.41159,1,1,1,0
22.53391,1,0,0,0
18.86238,1,1,1,0
20.89957,1,0,0,0
18.86238,1,0,0,0
19.63956,1,0,0,0
18.86238,1,1,1,0
22.41159,1,1,0,0
20.89957,1,1,1,0
22.53391,1,1,1,0
20.89957,1,0,0,0
22.41159,1,1,1,0
22.41159,1,1,1,0
20.89957,1,1,1,0
22.53391,1,0,0,0
22.53391,1,0,0,0
20.89957,1,1,1,0
22.41159,1,1,0,0
22.41159,1,0,1,0
21.72063,0,0,0,0
22.53391,1,1,0,0
22.06915,1,0,0,0
22.06915,1,1,1,0
22.41159,1,1,0,0
19.63956,1,1,1,0
22.27552,1,0,0,0
22.53391,1,0,0,0
22.06915,1,0,1,0
20.89957,1,1,1,0
19.63956,1,0,1,0
18.86238,1,1,0,0
22.41159,1,0,0,0
20.89957,1,0,1,0
18.86238,1,1,1,0
22.06915,1,0,1,0
20.89957,1,1,1,0
20.89957,1,0,1,0
21.53017,1,0,0,0
22.06915,1,0,0,0
20.89957,1,0,0,0
22.41159,1,1,1,0
20.89957,1,1,1,0
22.53391,1,0,1,0
22.53391,1,0,0,0
22.06915,1,0,0,0
22.53391,1,0,1,0
20.89957,1,1,0,0
21.72063,1,0,0,0
22.41159,1,1,0,0
22.41159,0,1,0,0
22.53391,1,1,0,0
21.72063,1,0,0,0
22.41159,1,1,0,0
22.06915,1,0,1,0
19.63956,1,0,1,0
22.06915,1,0,1,0
22.06915,1,0,1,0
20.89957,1,1,1,0
20.89957,1,0,1,0
22.27552,1,0,0,0
20.89957,1,1,0,0
22.53391,1,1,1,0
20.89957,1,1,1,0
18.86238,1,0,0,0
18.86238,1,0,0,0
19.63956,1,0,1,0
22.53391,1,0,0,0
18.86238,1,0,0,0
22.27552,1,1,0,0
22.53391,1,0,0,0
20.89957,1,1,1,0
21.72063,1,0,0,0
19.63956,1,1,1,0
22.27552,1,0,0,0
22.41159,1,1,0,0
22.53391,1,0,0,0
19.63956,1,0,1,0
18.86238,1,1,1,0
22.53391,1,0,0,0
19.63956,1,1,1,0
22.06915,1,1,1,0
22.06915,1,1,0,0
20.89957,1,0,1,0
18.86238,1,1,1,0
20.89957,1,0,1,0
22.41159,1,1,0,0
22.53391,1,0,0,0
22.41159,0,0,0,0
22.53391,1,0,1,0
22.53391,1,1,1,0
18.86238,1,0,1,0
20.89957,1,0,1,0
22.41159,1,1,1,0
22.06915,1,0,0,0
18.86238,1,0,0,0
22.41159,1,0,0,0
22.53391,1,0,0,0
21.72063,1,1,0,0
18.86238,1,1,1,0
18.86238,1,0,1,0
22.41159,1,0,0,0
20.89957,1,1,1,0
18.86238,1,0,1,0
20.89957,1,0,0,0
22.06915,1,1,1,0
22.06915,1,1,1,0
22.41159,1,0,0,0
22.41159,1,0,0,0
22.27552,1,0,1,0
19.63956,1,0,0,0
22.27552,1,1,0,0
18.86238,1,0,1,0
22.06915,1,1,1,0
20.89957,1,0,1,0
20.89957,1,0,1,0
20.89957,1,0,0,0
22.27552,1,1,0,0
22.06915,1,0,0,0
22.53391,1,0,0,0
22.41159,1,0,0,0
22.27552,1,0,0,0
20.89957,1,1,1,0
20.89957,1,0,1,0
22.06915,1,0,0,0
22.41159,1,0,0,0
19.63956,1,0,1,0
19.63956,1,0,0,0
20.89957,1,0,0,0
20.89957,1,1,1,0
20.89957,1,1,1,0
18.90116,1,1,1,0
20.89957,1,1,1,0
21.72063,1,0,0,0
22.41159,1,1,1,0
22.27552,1,0,0,0
19.63956,1,0,0,0
22.41159,1,0,0,0
19.63956,1,1,1,0
22.27552,1,0,0,0
22.41159,1,0,0,0
22.27552,1,1,1,0
22.53391,1,0,1,0
21.53017,0,1,1,1
20.89957,1,0,1,0
22.06915,1,0,1,0
22.06915,1,1,1,0
20.89957,1,0,0,0
22.06915,1,1,1,0
22.06915,1,0,1,0
19.63956,1,1,1,0
22.27552,1,1,1,0
22.53391,1,1,0,0
22.53391,1,1,1,0
22.41159,1,1,1,0
20.89957,1,1,1,0
22.27552,1,0,0,0
18.86238,1,1,1,0
22.41159,1,0,1,0
22.06915,1,1,0,0
20.89957,1,1,1,0
22.06915,1,1,0,0
18.86238,1,0,0,0
22.41159,1,1,0,0
22.41159,1,1,0,0
22.53391,1,0,0,0
17.43159,1,0,0,0
22.06915,1,1,1,0
22.06915,1,1,1,0
22.27552,1,0,0,0
22.53391,1,0,0,0
21.53017,1,1,1,0
22.06915,1,1,0,0
22.53391,1,0,0,0
22.06915,1,0,1,0
20.89957,0,0,1,0
22.53391,1,1,0,0
20.89957,1,1,0,0
22.27552,1,0,0,0
22.41159,1,1,1,0
19.63956,1,0,1,0
20.89957,1,0,0,0
20.89957,1,0,1,0
19.63956,1,0,1,0
22.41159,1,0,1,0
21.53017,1,1,1,0
21.53017,1,0,1,0
22.41159,1,0,0,0
21.53017,1,1,1,0
20.89957,1,1,0,0
21.53017,1,1,0,0
20.89957,1,1,1,0
21.53017,1,1,1,0
22.06915,1,1,1,0
22.41159,1,1,1,0
21.72063,0,0,0,0
19.63956,1,0,1,0
22.41159,1,0,0,0
22.06915,1,1,0,0
21.72063,1,0,0,0
19.63956,1,0,1,0
19.63956,1,0,0,0
21.53017,1,0,0,0
20.89957,1,0,1,0
22.06915,1,1,1,0
19.63956,1,1,0,0
22.53391,1,1,0,0
22.06915,1,1,1,0
22.41159,1,1,0,0
22.06915,1,1,1,0
22.06915,1,0,0,0
20.89957,1,1,1,0
22.53391,1,0,1,0
22.41159,1,1,1,0
22.53391,1,0,0,0
20.89957,1,1,1,0
20.89957,1,0,1,0
18.86238,1,0,0,0
20.89957,1,0,0,0
20.89957,1,1,1,0
22.53391,1,0,0,0
20.89957,1,1,1,0
22.06915,1,0,1,0
22.41159,1,1,1,0
22.27552,0,0,0,0
22.41159,1,1,1,0
22.41159,1,0,0,0
19.63956,1,0,1,0
22.41159,1,0,1,0
22.53391,1,1,0,0
18.86238,1,0,1,0
22.06915,1,1,1,0
22.53391,1,1,0,0
20.89957,1,0,0,0
18.90116,1,0,1,0
22.53391,1,1,1,0
19.63956,1,1,1,0
22.41159,1,0,1,0
22.27552,1,0,0,0
19.63956,1,0,1,0
22.53391,1,1,1,0
20.89957,1,0,0,0
20.89957,1,0,1,0
20.89957,1,0,1,0
22.41159,1,1,1,0
22.53391,1,0,0,0
20.89957,1,1,0,0
22.53391,1,0,0,0
20.89957,1,0,1,0
22.41159,1,1,0,0
20.89957,1,0,1,0
21.53017,1,1,1,0
22.06915,1,1,1,0
19.63956,1,1,0,0
20.89957,1,0,1,0
20.89957,1,1,1,0
22.41159,0,1,1,0
20.89957,1,0,1,0
19.63956,1,0,0,0
20.89957,1,0,0,0
20.89957,1,0,1,0
20.89957,1,1,1,0
19.63956,1,1,0,0
19.63956,1,0,1,0
20.89957,1,0,0,0
22.06915,1,1,0,0
20.89957,1,1,1,0
21.53017,1,1,1,1
22.53391,1,1,0,0
22.53391,1,0,0,0
18.86238,1,1,1,0
22.06915,1,0,0,0
22.53391,1,1,0,0
20.89957,1,1,1,0
20.89957,1,0,1,0
20.89957,1,0,0,0
22.27552,1,1,0,0
20.89957,1,0,1,0
22.53391,1,1,0,0
22.53391,1,1,1,0
22.41159,1,1,1,0
19.63956,1,0,0,0
22.41159,1,1,1,0
19.63956,1,0,1,0
22.41159,1,1,0,0
20.89957,1,0,1,0
21.72063,0,0,0,0
22.41159,1,1,1,0
22.06915,1,1,1,0
22.06915,1,1,0,0
19.63956,1,1,1,0
20.89957,1,1,0,0
22.53391,1,0,0,0
20.89957,1,1,1,0
20.89957,1,1,1,0
20.89957,1,0,1,0
22.06915,1,1,0,0
22.06915,1,1,1,0
22.06915,1,0,1,0
22.41159,1,1,1,0
19.63956,1,0,0,0
19.63956,1,0,1,0
22.27552,1,1,1,0
22.06915,1,1,0,0
22.53391,1,0,0,0
22.41159,1,1,1,0
22.06915,1,1,1,0
20.89957,1,1,1,0
21.53017,1,1,1,0
20.89957,1,0,1,0
22.06915,1,0,1,0
22.27552,1,0,0,0
22.06915,1,1,1,0
22.41159,1,1,0,0
19.63956,1,0,0,0
18.86238,1,0,1,0
20.89957,1,0,1,0
22.53391,1,0,0,0
20.89957,1,1,1,0
21.72063,1,0,0,0
20.89957,1,0,0,0
22.41159,1,0,0,0
20.89957,1,1,1,0
22.06915,1,1,1,0
18.86238,1,0,1,0
20.89957,1,0,0,0
18.86238,1,0,0,0
22.06915,1,1,1,0
22.53391,1,1,1,0
22.41159,1,1,0,0
19.63956,1,1,1,0
22.53391,1,1,0,0
22.53391,1,0,0,0
20.89957,1,0,1,0
22.41159,1,0,0,0
21.53017,1,1,1,0
20.89957,1,0,1,0
20.89957,0,0,0,0
19.63956,1,1,1,0
22.06915,1,0,1,0
22.06915,1,1,0,0
21.72063,0,0,0,0
22.06915,1,1,1,0
22.06915,1,0,0,0
20.89957,1,1,1,0
20.89957,1,1,1,0
22.06915,1,1,1,0
22.06915,1,0,1,0
20.89957,1,0,1,0
22.06915,1,1,0,0
20.89957,1,1,1,0
19.63956,1,1,1,0
21.72063,0,0,0,0
19.63956,1,1,0,0
20.89957,1,1,1,0
22.06915,1,1,0,0
19.63956,1,1,1,0
22.53391,1,0,0,0
20.89957,1,1,1,0
22.27552,1,0,0,0
22.41159,1,1,0,0
20.89957,1,0,0,0
22.41159,1,1,1,0
20.89957,1,0,0,0
20.89957,1,1,1,0
22.06915,1,1,1,0
19.63956,1,1,0,0
19.63956,1,0,0,0
19.63956,1,1,0,0
22.53391,1,0,0,0
22.41159,1,0,0,0
19.63956,1,1,0,0
22.41159,1,0,0,0
19.63956,1,1,0,0
20.89957,1,1,1,0
19.63956,1,0,1,0
22.39378,0,0,0,0
22.41159,1,0,1,0
22.53391,1,1,0,0
22.53391,1,0,0,0
22.27552,1,0,0,0
20.89957,1,1,1,0
22.53391,1,0,1,0
20.89957,0,0,0,0
22.41159,1,0,0,0
22.27552,1,0,1,0
20.89957,1,0,0,0
22.06915,1,1,1,0
21.72063,1,0,0,0
22.06915,1,1,1,0
22.53391,1,0,0,0
22.41159,1,1,1,0
22.53391,1,0,0,0
22.06915,1,1,1,0
20.89957,1,1,1,0
18.86238,1,0,1,0
22.53391,1,0,1,0
20.89957,1,1,1,0
22.27552,1,0,0,0
20.89957,1,1,1,0
22.41159,1,0,0,0
19.63956,1,1,1,0
22.06915,1,0,1,0
22.27552,0,0,0,0
22.41159,1,1,0,0
22.41159,1,1,0,0
22.27552,1,0,0,0
19.63956,1,0,1,0
20.89957,1,0,0,0
21.53017,1,1,1,0
22.06915,1,0,0,0
22.41159,1,1,0,0
22.53391,0,0,0,0
20.89957,1,1,1,0
22.53391,1,0,0,0
22.41159,1,0,1,0
22.27552,1,0,0,0
22.06915,1,1,0,0
22.41159,1,0,1,0
22.53391,1,0,0,0
19.63956,1,1,0,0
22.41159,1,1,0,0
22.27552,1,0,0,0
22.06915,1,0,0,0
22.53391,1,0,0,0
20.89957,1,1,1,0
22.41159,1,0,0,0
22.41159,1,0,1,0
21.53017,1,1,1,0
20.89957,1,1,1,0
22.41159,1,1,0,0
22.06915,1,0,0,0
22.53391,1,0,0,0
22.53391,1,0,0,0
22.06915,1,0,1,0
18.86238,1,1,0,0
19.63956,1,1,1,0
18.86238,1,0,1,0
22.06915,1,0,0,0
22.06915,1,1,1,0
20.89957,1,1,1,0
22.06915,1,0,1,0
20.89957,1,1,0,0
20.89957,1,1,1,0
22.41159,1,1,1,0
22.41159,1,1,0,0
20.89957,1,0,0,0
21.53017,1,0,1,0
22.06915,1,1,1,0
22.41159,1,1,1,1
22.06915,1,1,0,0
20.89957,1,1,0,0
22.27552,1,0,0,0
19.63956,1,0,0,0
20.89957,1,0,0,0
22.41159,1,1,1,0
20.89957,1,1,1,0
18.86238,1,0,1,0
22.06915,1,1,1,0
22.06915,1,1,1,0
21.53017,1,1,1,0
20.89957,1,1,0,0
22.41159,1,1,0,0
22.06915,1,0,1,0
22.06915,1,1,1,0
22.53391,1,0,0,0
19.63956,1,1,0,0
22.53391,1,0,0,0
22.53391,1,0,0,0
22.41159,1,1,1,0
22.41159,1,0,0,0
20.89957,1,0,1,0
19.63956,1,0,1,0
20.89957,1,1,1,0
18.86238,1,1,1,0
22.06915,1,1,1,0
22.41159,1,0,0,0
18.86238,1,1,1,0
22.41159,1,1,1,0
22.06915,1,1,1,0
22.06915,1,0,1,0
22.06915,1,1,1,0
18.86238,1,0,1,0
22.27552,1,0,0,0
22.06915,1,1,0,0
22.41159,1,0,0,0
22.41159,1,1,0,0
22.41159,1,1,0,0
22.27552,1,0,0,0
21.53017,1,0,0,0
22.41159,1,1,0,0
20.89957,1,1,1,0
22.41159,1,0,0,0
22.41159,1,1,1,0
19.63956,1,1,1,0
22.41159,1,1,0,0
22.41159,1,1,0,0
22.06915,1,1,1,0
22.06915,1,1,0,0
22.53391,1,1,1,0
22.53391,1,0,0,0
22.41159,1,1,0,0
20.89957,1,1,0,0
18.86238,1,0,1,0
22.27552,1,0,0,0
22.41159,0,0,1,0
22.41159,1,0,0,0
22.27552,1,0,0,0
18.86238,1,1,0,0
19.63956,1,0,1,0
21.72063,1,0,0,0
22.53391,1,0,0,0
20.89957,1,1,1,0
21.72063,0,0,0,0
20.89957,1,1,1,0
19.63956,1,0,0,0
22.06915,1,1,1,0
22.27552,1,0,0,0
20.89957,1,1,1,0
22.53391,1,0,0,0
20.89957,1,0,0,0
22.27552,1,0,0,0
22.06915,1,1,1,0
19.63956,1,1,0,0
19.63956,1,1,1,0
22.06915,1,1,1,0
20.89957,1,1,0,0
22.41159,1,1,1,0
20.89957,1,0,1,0
20.89957,1,0,1,0
22.41159,1,0,0,0
18.86238,1,0,1,0
20.89957,1,0,1,0
19.63956,1,1,1,0
20.89957,1,1,1,0
22.41159,1,0,0,0
22.41159,1,0,1,0
20.89957,1,1,1,0
20.89957,1,1,0,0
20.89957,1,0,1,0
20.89957,1,1,1,0
22.27552,0,0,0,0
22.53391,1,1,0,0
17.43159,0,0,0,0
21.72063,1,0,0,0
22.53391,1,0,0,0
18.86238,0,0,0,0
22.06915,1,1,1,0
22.41159,1,0,1,0
21.53017,1,1,0,0
22.27552,0,0,0,0
22.06915,1,0,0,0
22.53391,1,0,0,0
22.06915,1,1,0,0
22.41159,1,0,1,0
22.53391,1,0,0,0
22.06915,1,1,1,0
20.89957,1,1,1,0
22.06915,1,1,1,0
22.06915,1,0,0,0
22.41159,1,1,1,0
19.63956,1,1,0,0
22.06915,1,0,1,0
19.63956,1,1,1,0
20.89957,1,0,0,0
21.53017,1,1,1,0
22.53391,1,0,1,0
22.53391,1,1,0,0
22.41159,1,0,0,0
22.06915,1,1,1,0
21.72063,1,0,0,0
22.06915,1,0,0,1
22.06915,1,0,0,0
22.53391,1,0,0,0
22.41159,1,0,0,0
22.41159,1,1,0,0
22.27552,1,0,0,0
20.89957,1,1,0,0
22.06915,1,0,1,0
19.63956,1,1,1,0
22.27552,1,0,0,0
22.53391,1,0,0,0
22.41159,1,1,1,0
19.63956,1,0,1,0
20.89957,1,1,1,0
22.27552,1,0,0,0
22.53391,1,0,0,0
18.90116,1,1,0,0
22.53391,1,0,0,0
20.89957,1,0,0,0
21.53017,1,1,1,1
18.86238,1,0,1,0
22.41159,0,1,1,0
20.89957,1,0,1,0
22.41159,1,1,1,0
22.06915,1,1,1,0
21.72063,1,0,0,0
20.89957,1,0,1,0
22.41159,1,1,0,0
20.89957,1,0,0,0
22.27552,1,0,0,0
22.53391,1,1,0,0
22.06915,1,1,1,0
22.41159,1,1,1,0
19.63956,1,1,1,0
18.86238,1,0,0,0
20.89957,1,1,1,0
22.27552,0,0,0,0
22.53391,1,0,0,0
22.06915,1,1,1,0
22.06915,1,1,1,0
22.06915,1,0,0,0
20.89957,1,0,1,0
22.53391,1,1,0,0
20.89957,1,0,0,0
19.63956,1,1,1,0
22.06915,1,1,1,0
20.89957,1,0,0,0
20.89957,1,0,1,0
20.89957,1,1,0,0
19.63956,1,1,0,0
22.41159,1,1,0,0
20.89957,1,0,0,0
18.90116,1,1,1,0
20.89957,1,1,0,0
22.06915,1,1,0,0
19.63956,1,1,1,0
22.53391,1,0,0,0
20.89957,1,1,1,0
21.72063,1,0,0,0
22.06915,1,1,1,0
22.06915,1,1,0,0
22.27552,0,0,0,0
22.53391,1,0,0,0
19.63956,1,1,0,0
22.27552,1,0,0,0
22.53391,1,0,0,0
19.63956,1,1,1,0
22.06915,1,1,1,0
21.53017,1,0,0,0
22.06915,1,1,1,0
22.06915,1,1,0,0
20.89957,1,0,0,0
22.41159,1,0,0,0
20.89957,1,0,1,0
22.41159,1,1,1,0
22.06915,1,1,1,1
22.06915,1,0,0,0
22.27552,1,0,0,0
22.41159,1,0,0,0
19.63956,1,0,1,0
19.63956,1,0,0,0
20.89957,1,0,0,0
22.41159,1,1,1,0
18.86238,1,0,1,0
20.89957,1,0,0,0
22.41159,1,1,0,0
22.06915,1,0,1,0
22.41159,1,1,1,0
22.06915,1,1,1,0
22.41159,1,1,1,0
22.27552,0,0,0,0
22.53391,1,0,0,0
19.63956,1,0,0,0
19.63956,1,0,0,0
20.89957,0,0,0,0
20.89957,1,0,0,0
22.06915,1,1,1,0
22.53391,0,0,0,0
22.27552,1,0,1,0
19.63956,1,0,1,0
22.53391,1,0,0,0
22.41159,1,1,1,0
20.89957,1,1,0,0
22.41159,1,0,0,0
21.53017,1,1,0,0
18.86238,0,0,0,0
18.86238,1,1,1,0
20.89957,1,0,0,0
22.41159,1,0,0,0
22.06915,1,1,1,0
22.53391,1,1,1,0
22.41159,1,1,1,0
22.27552,1,0,0,0
22.06915,1,1,1,0
22.27552,1,0,0,0
22.06915,1,0,0,0
20.89957,1,0,0,0
22.27552,1,0,0,0
22.06915,1,0,0,0
22.41159,1,1,1,0
22.41159,1,0,0,0
22.27552,1,0,0,0
19.63956,1,1,0,0
20.89957,1,0,1,0
19.63956,1,0,0,0
22.06915,1,0,1,0
22.06915,1,1,0,0
20.89957,1,1,0,0
21.53017,1,0,1,0
22.06915,1,1,0,0
18.90116,1,0,1,0
22.06915,1,1,1,0
20.89957,1,0,0,0
20.89957,1,0,1,0
20.89957,1,1,1,0
21.72063,1,0,0,0
20.89957,1,0,1,0
22.41159,1,1,1,0
22.41159,1,1,1,0
19.63956,1,0,1,0
22.53391,0,0,0,0
20.89957,1,1,1,0
22.06915,1,1,1,0
21.72063,0,0,0,0
20.89957,1,0,1,0
20.89957,1,0,0,0
22.53391,1,0,0,0
22.27552,1,0,0,0
22.06915,1,1,1,0
22.41159,1,0,0,0
21.53017,1,1,1,0
18.86238,1,1,1,0
20.89957,1,1,1,0
20.89957,1,1,1,0
19.63956,1,0,1,0
22.06915,1,1,1,0
22.06915,1,1,0,0
20.89957,1,1,1,0
22.06915,1,0,1,0
22.06915,1,0,0,0
20.89957,1,0,1,0
22.53391,1,0,0,0
22.06915,1,1,1,0
20.89957,1,1,0,0
22.41159,1,1,0,0
22.06915,1,1,1,0
20.89957,1,0,1,0
19.63956,1,1,1,0
22.06915,1,1,1,0
22.06915,1,1,0,0
20.89957,1,0,0,0
18.86238,1,0,1,0
20.89957,1,0,0,1
22.27552,1,0,0,0
22.53391,1,0,0,0
22.41159,1,0,0,0
22.06915,1,0,0,0
21.72063,1,1,0,0
22.06915,1,0,1,0
22.41159,1,1,0,0
22.27552,1,0,0,0
21.53017,1,1,0,0
19.63956,1,0,1,0
22.27552,1,0,1,0
21.72063,1,0,0,0
22.41159,1,0,0,0
22.41159,1,0,0,0
22.06915,1,1,1,0
22.41159,1,1,1,0
18.86238,1,0,1,0
20.89957,1,0,1,0
22.41159,1,1,0,0
22.06915,1,1,0,0
19.63956,1,0,1,0
20.89957,1,1,0,0
22.41159,1,0,1,0
22.27552,1,0,0,0
22.53391,1,0,0,0
20.89957,1,1,1,0
22.06915,1,1,0,0
22.53391,1,0,0,0
19.63956,1,1,1,0
20.89957,1,0,1,0
22.53391,1,1,1,0
20.89957,1,0,1,0
20.89957,1,0,0,0
22.06915,1,1,1,0
22.53391,1,0,0,0
20.89957,1,0,1,0
22.06915,1,1,0,0
22.41159,1,0,0,0
22.06915,1,1,1,0
22.06915,1,1,1,0
22.41159,1,1,1,0
22.41159,1,1,1,0
17.43159,1,0,0,0
22.41159,1,1,1,0
22.41159,0,0,0,0
20.89957,1,1,1,0
20.89957,1,0,0,0
22.06915,1,1,1,0
22.41159,1,1,0,0
22.53391,1,1,1,0
19.63956,1,0,1,0
22.53391,1,0,0,0
20.89957,1,1,1,0
21.72063,1,0,0,0
22.41159,1,1,0,0
22.06915,1,0,0,0
19.63956,1,0,0,0
22.27552,1,0,0,0
22.06915,1,0,1,0
22.06915,1,1,1,0
22.06915,1,1,1,0
22.06915,1,1,1,0
22.06915,1,0,0,0
22.41159,1,0,0,0
19.63956,1,0,0,0
22.41159,1,1,1,0
22.06915,1,0,0,0
22.27552,1,0,0,0
20.89957,1,0,0,0
22.06915,1,0,1,0
22.53391,1,0,0,0
22.27552,1,0,0,0
20.89957,1,1,1,0
20.89957,1,0,1,0
22.53391,1,1,0,0
21.53017,1,1,1,0
22.27552,1,0,0,0
20.89957,1,0,0,0
18.86238,1,0,1,0
18.86238,1,1,1,0
22.27552,1,0,0,0
19.63956,1,1,0,0
22.53391,1,0,0,0
22.06915,1,1,1,0
22.53391,1,0,0,0
20.89957,1,1,0,0
22.06915,1,1,1,0
22.41159,1,0,0,0
22.27552,1,0,0,0
21.53017,1,0,0,0
22.41159,1,0,0,0
22.06915,1,1,1,0
21.72063,1,0,0,0
22.53391,1,0,0,0
22.06915,1,0,0,0
21.72063,1,0,0,0
22.27552,1,1,0,0
20.89957,1,0,1,0
22.06915,1,1,0,0
22.41159,1,0,1,0
22.06915,1,0,0,0
22.06915,1,0,0,0
22.53391,1,0,0,0
20.89957,1,0,1,0
19.63956,1,0,0,0
19.63956,1,1,1,0
20.89957,1,1,1,0
22.53391,1,1,1,0
22.41159,1,1,1,0
22.06915,1,1,0,0
22.06915,1,0,1,0
22.53391,1,0,0,0
22.53391,0,1,0,0
20.89957,1,1,1,0
22.53391,1,0,0,0
20.89957,1,1,1,0
22.41159,1,0,0,0
22.06915,1,0,0,0
22.06915,1,1,1,0
22.39378,1,0,0,0
20.89957,1,0,0,0
22.06915,1,1,1,0
22.41159,1,1,0,0
21.53017,0,0,0,0
22.41159,1,0,1,0
20.89957,1,0,1,0
22.06915,1,1,1,0
22.41159,1,1,0,0
18.86238,1,1,0,0
22.06915,1,1,0,0
22.53391,1,1,0,0
22.53391,1,0,0,0
22.06915,1,0,0,0
21.53017,0,0,0,0
21.53017,1,0,0,0
22.41159,1,1,1,0
22.27552,1,0,0,0
19.63956,1,1,0,0
22.53391,1,0,0,0
22.41159,1,1,1,1
22.53391,1,0,0,0
22.53391,1,0,0,0
20.89957,1,0,0,0
22.53391,0,0,0,0
20.89957,1,1,0,0
20.89957,1,0,0,0
22.41159,1,0,0,0
19.63956,1,1,1,0
22.41159,1,0,1,0
20.89957,1,1,1,0
19.63956,1,1,1,0
22.27552,1,0,0,0
22.41159,1,1,0,0
20.89957,1,1,0,0
19.63956,1,0,1,0
22.06915,1,0,1,0
19.63956,1,1,0,0
21.72063,1,0,0,0
21.72063,1,0,0,0
18.86238,1,1,1,0
22.39378,1,0,0,0
22.41159,1,0,0,0
22.06915,0,0,1,0
20.89957,1,0,0,0
21.72063,1,0,0,0
22.06915,1,1,0,0
22.53391,1,0,0,0
20.89957,1,1,0,0
20.89957,1,1,1,0
21.72063,1,1,0,0
22.53391,0,0,0,0
22.53391,1,0,0,0
21.72063,1,1,0,0
22.41159,0,0,0,0
22.27552,1,0,0,0
22.41159,1,0,0,0
19.63956,1,1,1,0
22.06915,1,1,1,0
22.53391,1,1,1,0
22.27552,1,0,0,0
19.63956,1,1,1,0
22.27552,1,0,0,0
19.63956,1,0,1,0
22.06915,1,0,1,0
20.89957,1,1,0,0
22.53391,1,1,0,0
22.06915,1,1,1,0
20.89957,1,0,1,0
22.06915,1,0,0,0
22.53391,1,1,0,0
22.53391,0,0,0,0
20.89957,1,0,1,0
22.06915,1,1,1,0
22.53391,1,0,0,0
20.89957,1,1,1,0
20.89957,1,1,1,0
22.41159,1,1,0,0
22.41159,1,0,0,0
18.86238,1,1,1,0
18.86238,1,0,0,0
22.53391,1,0,0,0
22.41159,1,1,0,0
22.53391,1,0,0,0
22.06915,1,1,1,0
19.63956,1,1,1,0
22.53391,1,0,0,0
22.53391,1,0,0,0
22.06915,1,1,1,0
18.86238,1,0,0,0
22.41159,1,1,1,0
22.41159,1,0,0,0
22.41159,1,0,1,0
22.41159,1,0,0,0
19.63956,1,1,0,0
22.53391,1,0,0,0
18.86238,1,1,1,0
22.41159,1,1,1,0
22.06915,1,0,1,0
22.53391,1,1,1,0
19.63956,1,1,1,0
22.41159,1,1,1,0
21.53017,0,0,0,0
22.06915,1,1,1,0
20.89957,1,1,0,0
22.41159,1,1,0,0
19.63956,1,0,1,0
22.53391,1,0,0,0
22.41159,1,0,0,0
22.41159,1,0,0,0
20.89957,1,1,1,0
22.41159,1,0,0,0
22.06915,1,0,0,0
22.06915,1,1,1,0
20.89957,1,1,1,0
20.89957,1,1,1,0
19.63956,1,0,1,0
20.89957,1,1,1,0
22.27552,0,0,0,0
19.63956,1,0,0,0
22.41159,1,0,0,0
22.41159,1,0,1,0
18.86238,1,1,1,0
22.06915,1,1,1,0
20.89957,1,0,1,0
22.41159,1,1,0,0
21.53017,1,0,0,0
22.06915,0,0,0,0
22.53391,1,0,0,0
18.86238,1,1,1,0
22.06915,1,0,1,0
22.53391,1,1,0,0
22.41159,1,0,0,0
22.06915,1,1,1,0
20.89957,1,1,1,0
20.89957,1,0,0,0
22.06915,1,1,0,0
22.41159,1,0,0,0
22.06915,1,0,0,0
19.63956,1,0,1,0
22.06915,1,1,1,0
18.86238,1,0,0,0
21.53017,1,0,0,0
22.27552,1,0,0,0
22.41159,1,1,1,0
22.41159,1,1,1,0
21.72063,1,1,0,0
22.53391,1,0,0,0
22.53391,1,0,0,0
22.06915,1,0,1,0
20.89957,1,0,1,0
22.06915,1,1,1,0
18.86238,1,0,0,0
22.41159,1,0,1,0
22.27552,1,0,0,0
22.06915,1,0,1,0
22.41159,1,1,1,0
20.89957,1,1,1,0
21.72063,1,0,0,0
20.89957,1,1,0,0
22.06915,1,0,0,0
22.41159,1,0,1,0
22.06915,1,1,0,0
22.06915,1,1,0,0
22.06915,1,1,0,0
22.06915,1,0,1,0
20.89957,1,1,0,0
21.53017,1,0,0,0
22.06915,1,0,1,0
21.53017,1,1,1,0
18.86238,1,0,1,0
19.63956,1,0,1,0
18.86238,1,1,1,0
22.53391,1,0,0,0
20.89957,1,1,0,0
20.89957,1,0,1,0
22.06915,1,1,1,0
19.63956,1,1,1,0
20.89957,1,1,1,0
22.41159,1,1,0,0
22.53391,1,0,0,0
21.53017,1,1,1,0
22.53391,1,1,0,0
20.89957,1,1,1,0
18.86238,1,1,1,0
20.89957,1,0,1,0
22.53391,1,0,0,0
22.27552,1,0,0,0
22.41159,1,0,1,0
22.06915,1,0,1,0
18.86238,1,0,0,0
22.53391,1,0,0,0
22.41159,1,0,1,0
21.53017,1,0,1,1
22.41159,1,1,0,0
22.41159,1,0,1,0
22.06915,1,1,0,0
22.06915,1,0,0,0
22.53391,1,0,0,0
20.89957,1,0,1,0
19.63956,1,0,1,0
18.86238,1,1,1,0
18.86238,1,1,1,0
22.41159,1,0,1,0
20.89957,1,0,0,0
22.41159,1,1,1,0
18.86238,1,0,1,0
19.63956,1,1,1,0
22.06915,1,0,0,0
19.63956,1,1,1,0
18.86238,1,0,1,0
22.06915,1,1,0,0
19.63956,1,0,1,0
19.63956,1,0,1,0
19.63956,1,0,1,0
22.06915,1,1,1,0
20.89957,1,1,0,0
22.41159,1,1,1,0
22.06915,1,0,0,0
20.89957,1,0,0,0
22.53391,1,0,0,0
20.89957,1,0,0,0
22.06915,1,0,1,0
22.41159,1,0,0,0
22.41159,1,1,1,0
22.53391,1,1,1,0
20.89957,1,1,1,0
22.53391,1,0,1,0
22.41159,1,1,0,0
22.27552,1,0,0,0
22.06915,1,1,0,0
22.06915,1,1,1,0
20.89957,1,1,1,0
19.63956,1,1,1,0
20.89957,1,1,1,0
22.06915,1,0,0,0
22.06915,1,1,1,0
19.63956,1,0,1,0
22.41159,1,0,0,0
20.89957,1,0,1,0
22.41159,1,0,0,0
21.53017,1,1,1,0
18.86238,1,0,0,0
22.53391,1,0,0,0
20.89957,1,0,0,0
22.06915,1,1,1,0
22.06915,1,1,0,0
22.06915,1,0,0,0
22.06915,1,1,1,0
19.63956,1,0,0,0
22.27552,1,0,0,0
21.72063,1,1,0,0
22.53391,1,0,0,0
19.63956,1,1,1,0
22.41159,1,1,0,0
19.63956,1,1,1,0
22.41159,1,1,0,0
22.53391,1,1,1,0
22.27552,1,0,0,0
20.89957,1,1,1,0
20.89957,1,0,0,0
20.89957,1,0,0,0
20.89957,1,0,0,0
19.63956,1,0,0,0
22.41159,1,1,0,0
20.89957,1,0,1,0
22.41159,1,1,0,0
20.89957,1,1,1,0
21.72063,0,0,0,0
22.41159,1,1,0,0
19.63956,1,0,0,0
22.27552,1,0,0,0
22.06915,1,0,0,0
22.41159,1,0,0,0
19.63956,1,0,1,0
21.53017,0,0,0,0
20.89957,1,0,1,0
20.89957,1,1,1,0
22.27552,0,0,0,0
20.89957,1,0,0,0
22.06915,1,1,0,0
19.63956,1,0,0,0
20.89957,1,1,0,0
22.39378,1,0,0,0
20.89957,1,0,1,0
20.89957,1,0,1,0
22.06915,1,1,1,0
20.89957,1,0,1,0
21.53017,1,0,0,0
22.27552,1,0,0,0
22.27552,1,0,0,0
20.89957,1,1,1,0
22.53391,1,0,0,0
22.41159,1,0,0,0
22.06915,1,0,0,0
22.41159,1,1,1,0
18.90116,1,1,0,0
22.27552,1,0,0,0
22.27552,1,0,0,0
19.63956,1,1,1,0
22.27552,1,0,0,0
20.89957,1,0,0,0
22.06915,1,1,1,0
22.41159,1,1,1,0
20.89957,0,0,0,0
19.63956,1,0,1,0
18.86238,1,1,0,0
22.06915,1,1,0,0
20.89957,1,1,1,0
22.53391,1,0,1,0
22.27552,1,0,0,0
20.89957,1,0,1,0
21.72063,1,0,0,0
20.89957,1,0,1,0
18.86238,1,0,1,0
20.89957,1,1,1,0
19.63956,1,0,1,0
19.63956,1,0,1,0
22.06915,1,0,1,0
20.89957,1,1,0,0
22.41159,1,0,0,0
20.89957,1,1,1,0
22.06915,1,1,1,0
20.89957,1,1,1,0
19.63956,1,0,0,0
20.89957,1,0,1,0
22.53391,1,0,0,0
22.53391,1,1,0,0
22.41159,1,0,0,0
22.53391,1,1,0,0
20.89957,1,1,0,0
22.06915,1,1,1,0
21.72063,1,0,0,0
22.53391,1,0,0,0
22.53391,0,0,0,0
22.06915,1,1,1,0
18.86238,1,0,1,0
21.53017,0,0,0,0
19.63956,1,1,1,0
22.41159,1,1,0,0
22.27552,1,0,0,0
22.53391,1,0,0,0
22.06915,1,0,0,0
22.06915,1,1,1,0
22.53391,1,0,0,0
22.06915,1,0,0,0
21.72063,0,0,0,0
19.63956,1,1,1,0
22.06915,1,0,0,0
22.53391,1,0,1,0
22.06915,1,1,1,0
22.53391,1,0,1,0
18.86238,1,0,0,0
22.27552,1,0,0,0
19.63956,1,0,0,0
22.53391,1,0,1,0
21.53017,1,0,1,0
20.89957,1,1,0,0
22.53391,1,0,0,0
22.06915,1,1,1,0
19.63956,1,1,1,0
18.86238,1,0,1,0
22.53391,1,0,0,0
20.89957,1,0,0,0
20.89957,1,0,1,0
22.53391,1,0,0,0
22.53391,1,0,0,0
20.89957,1,1,1,0
18.86238,1,0,0,0
18.86238,1,0,1,0
22.53391,1,0,0,0
20.89957,1,0,1,0
22.27552,1,1,0,0
22.41159,1,1,1,0
22.06915,1,1,1,0
20.89957,1,1,0,0
19.63956,1,0,0,0
22.53391,1,0,0,0
22.06915,1,0,0,0
22.06915,1,1,1,0
22.41159,1,1,0,0
22.06915,1,0,1,0
19.63956,1,0,1,0
22.27552,1,1,0,0
22.06915,1,1,1,0
19.63956,1,0,1,0
22.41159,1,0,0,0
19.63956,1,1,1,0
21.53017,1,0,0,0
22.53391,1,0,0,0
21.72063,1,0,0,0
19.63956,1,0,0,0
19.63956,1,1,0,0
22.53391,1,0,0,0
22.41159,1,1,1,0
20.89957,1,1,0,0
21.53017,1,1,1,0
22.53391,1,0,0,0
20.89957,1,1,1,0
19.63956,1,0,0,0
22.27552,1,0,0,0
19.63956,1,1,1,0
22.06915,1,1,1,0
21.53017,1,0,0,0
22.53391,1,0,0,0
22.06915,1,1,1,0
22.53391,1,1,0,0
22.53391,1,1,1,0
19.63956,1,0,0,0
22.06915,1,1,1,0
22.06915,1,1,1,0
19.63956,1,1,1,0
22.53391,1,1,0,0
22.06915,1,0,0,0
22.06915,1,1,0,0
21.72063,0,0,0,0
19.63956,1,1,1,0
22.41159,1,0,0,0
22.41159,1,1,0,0
22.27552,1,0,0,0
22.53391,0,1,0,0
22.41159,1,0,0,0
22.41159,1,1,1,0
22.06915,1,1,0,0
22.41159,1,1,1,0
22.27552,1,0,0,0
20.89957,1,0,0,0
22.41159,1,1,0,0
22.27552,1,0,0,0
20.89957,1,0,0,0
19.63956,1,1,1,0
22.41159,1,0,0,0
20.89957,1,0,0,0
22.27552,1,0,0,0
22.06915,1,0,0,0
22.53391,1,0,0,0
20.89957,1,1,0,0
19.63956,1,0,0,0
20.89957,1,1,1,0
20.89957,1,0,0,0
18.86238,1,0,0,0
22.53391,1,0,0,0
22.41159,1,1,1,0
20.89957,1,0,1,0
18.86238,1,0,1,0
22.41159,1,1,1,0
22.06915,1,0,0,0
19.63956,1,1,1,0
22.06915,1,0,0,0
22.53391,1,0,0,0
22.06915,1,1,0,0
22.06915,1,0,0,0
22.06915,1,1,1,0
22.06915,1,0,0,0
21.53017,0,0,0,0
22.41159,1,1,1,0
22.41159,1,0,1,0
21.72063,0,0,0,0
22.53391,1,0,0,0
20.89957,1,1,1,0
22.41159,1,0,0,0
20.89957,1,1,1,0
22.06915,1,1,1,0
20.89957,1,0,0,0
22.27552,1,0,0,0
20.89957,1,0,0,0
22.53391,1,0,0,0
19.63956,1,0,1,0
22.53391,1,0,0,0
22.06915,1,1,1,0
20.89957,1,1,1,0
21.53017,1,0,1,0
20.89957,1,0,1,0
22.27552,0,0,0,0
21.53017,1,0,0,0
22.53391,1,1,0,0
18.86238,1,1,1,0
20.89957,0,1,0,0
21.53017,1,1,1,0
16.87992,1,0,0,1
22.41159,1,1,1,0
22.27552,0,0,0,0
22.06915,1,1,0,0
21.72063,0,0,0,0
21.53017,1,0,0,0
22.53391,0,0,0,0
22.53391,1,0,1,0
22.27552,1,0,0,0
22.53391,1,0,0,0
20.89957,1,1,0,0
22.27552,0,0,0,0
19.63956,1,1,0,0
22.53391,1,0,0,0
22.06915,1,1,1,0
22.06915,1,1,1,0
22.06915,1,0,0,0
22.53391,1,0,0,0
22.53391,1,1,0,0
22.06915,1,1,1,0
22.06915,1,1,1,0
21.72063,1,1,0,0
22.41159,1,0,0,0
22.41159,1,1,1,0
22.27552,1,0,0,0
18.86238,1,1,0,0
21.72063,0,0,0,0
22.41159,1,0,1,0
22.06915,1,1,1,0
22.06915,1,0,0,0
20.89957,1,0,0,0
19.63956,1,1,1,0
22.41159,1,1,1,0
22.41159,1,0,0,0
22.06915,1,1,1,0
22.06915,0,0,0,0
22.27552,1,0,0,0
22.41159,1,1,1,0
18.86238,1,1,0,0
22.53391,1,0,0,0
19.63956,1,0,1,0
22.41159,1,1,0,0
21.53017,1,0,1,0
22.53391,0,0,0,0
19.63956,1,1,1,0
22.41159,1,0,1,0
20.89957,1,1,0,0
22.53391,1,0,0,0
22.41159,1,1,1,1
22.06915,1,1,0,0
18.86238,1,0,0,0
22.53391,1,0,0,0
22.41159,1,1,1,0
20.89957,1,1,1,0
20.89957,1,1,1,0
22.06915,1,1,0,0
22.27552,1,0,0,0
22.41159,1,1,1,0
19.63956,1,1,1,0
21.72063,1,0,0,0
20.89957,1,1,1,0
19.63956,1,1,0,0
22.06915,1,0,0,0
19.63956,1,0,0,0
22.53391,1,1,1,0
20.89957,1,0,1,0
19.63956,1,0,0,0
20.89957,1,0,0,0
22.41159,1,0,0,0
22.06915,1,1,0,0
22.06915,1,0,1,0
22.53391,1,0,0,0
22.53391,1,1,0,0
19.63956,1,0,0,0
20.89957,1,0,1,0
19.63956,1,1,1,0
22.41159,1,1,0,0
22.53391,1,1,1,0
20.89957,1,0,1,0
22.06915,1,1,0,0
18.86238,1,0,0,0
19.63956,1,1,0,0
22.06915,1,0,1,0
20.89957,1,1,0,0
22.06915,1,1,1,0
22.41159,1,0,0,0
22.53391,1,0,1,0
22.53391,1,1,1,0
20.89957,1,1,1,0
22.53391,1,1,0,0
18.86238,1,0,1,0
20.89957,1,1,0,0
22.41159,0,0,0,0
22.41159,1,1,0,0
22.53391,1,1,0,0
22.41159,1,0,1,0
18.86238,1,0,1,0
21.53017,1,0,0,0
18.90116,1,1,1,0
21.53017,0,0,1,0
22.53391,1,0,0,0
22.53391,1,0,0,0
22.06915,1,1,1,0
22.41159,1,1,0,0
22.41159,1,1,0,0
22.06915,1,1,1,0
22.06915,1,1,0,0
22.27552,1,0,0,0
22.53391,1,0,0,0
22.41159,1,1,1,0
22.53391,1,0,0,0
21.72063,0,0,0,0
21.72063,1,0,0,0
22.53391,1,0,0,0
20.89957,1,1,1,0
20.89957,1,0,1,0
19.63956,1,1,1,0
20.89957,1,1,1,0
20.89957,1,1,1,0
20.89957,1,0,1,0
19.63956,1,1,1,0
19.63956,1,0,1,0
22.06915,1,1,1,0
22.06915,1,1,1,0
22.06915,1,1,1,0
20.89957,1,1,1,0
18.86238,1,0,1,0
19.63956,1,0,1,0
22.06915,1,1,1,0
22.06915,1,1,1,0
22.41159,1,1,0,0
19.63956,1,0,1,0
20.89957,1,1,1,0
21.72063,1,0,0,0
20.89957,1,1,1,0
22.53391,1,0,0,0
22.06915,1,1,1,0
22.41159,1,1,1,0
22.06915,1,0,1,0
22.27552,1,0,0,0
22.41159,1,1,1,0
22.06915,1,0,0,0
20.89957,1,1,0,0
22.06915,1,0,0,0
22.53391,0,0,0,0
22.41159,1,0,0,0
20.89957,1,0,1,0
22.06915,1,0,0,0
18.90116,1,1,1,0
22.06915,1,1,1,0
19.63956,1,0,1,0
22.06915,1,1,0,0
20.89957,1,0,1,0
22.41159,1,1,1,0
22.53391,1,0,0,0
22.41159,1,1,0,0
22.53391,1,0,0,0
22.53391,1,0,0,0
22.41159,1,0,0,0
22.53391,1,1,1,0
22.41159,1,0,0,0
22.53391,0,0,0,0
20.89957,1,1,0,0
22.06915,1,1,1,0
21.72063,1,1,0,0
22.41159,1,1,0,0
20.89957,1,0,1,0
22.53391,1,0,0,0
22.41159,1,0,1,0
20.89957,1,1,1,0
18.86238,1,1,0,0
22.41159,1,1,0,0
22.06915,1,1,1,0
21.72063,1,0,0,0
22.06915,1,0,0,0
21.72063,1,0,0,0
22.53391,1,0,0,0
22.53391,1,0,0,0
22.27552,1,0,0,0
22.27552,1,0,0,0
22.53391,1,0,0,0
22.06915,1,0,0,0
19.63956,1,1,1,0
20.89957,1,0,0,0
20.89957,1,0,1,0
20.89957,1,1,1,0
20.89957,1,1,1,0
18.86238,1,0,1,0
22.06915,1,0,0,0
22.41159,1,0,0,0
22.06915,1,0,0,0
22.53391,1,1,0,0
21.53017,0,0,0,0
22.06915,1,0,0,0
20.89957,1,1,1,0
19.63956,1,0,1,0
22.06915,1,1,0,0
22.06915,1,1,1,0
22.27552,1,0,0,0
22.06915,1,1,0,0
22.27552,1,0,0,0
20.89957,1,0,0,0
22.41159,1,1,0,0
18.86238,1,0,1,0
22.41159,1,0,0,0
22.06915,1,0,0,0
20.89957,1,1,1,0
22.06915,1,1,1,0
22.06915,1,1,1,0
22.41159,1,1,0,0
22.53391,1,0,0,0
19.63956,1,0,1,0
19.63956,1,1,1,0
20.89957,1,0,0,0
22.06915,1,1,1,0
20.89957,1,0,1,0
18.86238,0,0,0,0
20.89957,1,0,0,0
22.06915,1,1,1,0
19.63956,1,1,0,0
20.89957,1,1,1,0
19.63956,1,0,1,0
18.86238,1,0,1,0
19.63956,1,0,0,0
22.53391,1,0,0,0
19.63956,1,1,1,0
20.89957,1,1,1,0
20.89957,1,1,1,0
22.41159,1,0,0,0
22.27552,1,0,0,0
22.06915,1,0,0,0
22.41159,1,0,0,0
22.06915,1,0,1,0
21.53017,0,0,0,0
22.41159,1,1,1,0
22.41159,1,0,0,0
22.53391,1,1,1,0
20.89957,1,1,1,0
20.89957,1,0,0,0
20.89957,1,1,0,0
22.06915,1,0,1,0
19.63956,1,1,0,0
22.53391,1,0,0,0
22.53391,1,1,1,0
22.27552,1,0,0,0
22.06915,1,1,0,0
22.27552,1,0,1,0
19.63956,1,0,1,0
21.53017,1,1,1,0
20.89957,1,1,1,0
20.89957,1,0,1,0
22.41159,1,1,1,0
22.06915,1,1,1,0
19.63956,1,0,0,0
20.89957,1,0,1,0
19.63956,1,0,0,0
22.53391,1,1,1,0
20.89957,1,1,1,0
21.53017,1,1,1,0
20.89957,1,0,0,0
20.89957,1,1,1,0
18.86238,1,0,0,0
22.06915,1,0,1,0
22.06915,1,1,1,0
22.53391,1,1,0,0
22.41159,1,1,1,0
19.63956,1,1,1,0
20.89957,1,1,1,0
22.06915,1,0,0,0
18.86238,1,1,0,0
22.27552,1,0,0,0
22.41159,1,1,1,0
20.89957,1,0,1,0
22.53391,1,0,0,0
22.41159,1,1,1,0
22.53391,1,0,0,0
19.63956,1,0,1,0
20.89957,1,1,1,0
22.53391,1,1,0,0
22.53391,1,0,0,0
19.63956,1,1,1,0
22.06915,1,0,0,0
22.27552,1,0,0,0
21.53017,1,1,1,0
22.06915,1,0,1,0
18.86238,1,0,1,0
20.89957,1,1,1,0
22.41159,1,1,1,0
20.89957,1,0,0,0
22.53391,1,1,1,0
19.63956,1,1,1,0
20.89957,1,0,1,0
22.41159,1,0,0,0
22.41159,1,1,1,0
22.53391,1,0,0,0
18.86238,1,0,0,0
18.86238,1,1,1,0
22.53391,1,0,0,0
22.06915,1,0,0,0
22.53391,1,0,0,0
19.63956,1,0,1,0
20.89957,1,0,0,0
19.63956,1,0,0,0
22.41159,1,1,0,0
21.53017,1,1,1,0
22.27552,1,0,0,0
22.41159,1,0,1,0
22.06915,1,1,1,0
22.06915,1,1,0,0
20.89957,1,1,0,0
20.89957,1,1,1,0
22.41159,1,1,0,0
19.63956,1,0,1,0
22.41159,1,0,1,0
21.53017,1,1,0,0
20.89957,1,1,0,0
22.53391,1,1,0,0
22.41159,1,1,0,0
21.53017,1,1,0,0
20.89957,1,1,1,0
22.41159,1,1,0,0
22.06915,1,1,1,0
22.27552,1,0,0,0
22.06915,1,0,1,0
18.86238,1,0,1,0
22.06915,1,1,1,0
20.89957,1,0,1,0
22.53391,1,1,0,0
22.53391,1,0,0,0
22.06915,1,0,0,0
21.72063,1,0,0,0
19.63956,1,1,1,0
22.06915,0,1,1,1
18.86238,1,0,1,0
22.27552,1,0,0,0
22.06915,1,0,1,0
20.89957,1,1,1,0
22.06915,1,1,1,0
22.06915,1,0,0,0
22.53391,1,0,0,0
20.89957,1,0,0,0
18.86238,1,0,0,0
20.89957,1,1,1,0
22.06915,1,1,0,0
20.89957,1,0,1,0
22.41159,1,0,0,0
22.06915,1,1,0,0
22.06915,1,1,0,0
20.89957,1,1,1,0
22.41159,1,0,0,0
18.86238,1,0,0,0
22.06915,1,1,0,0
22.41159,1,1,0,0
22.41159,1,0,0,0
22.27552,1,0,0,0
22.27552,0,0,0,0
22.41159,1,0,0,0
21.53017,1,0,1,0
22.41159,1,0,0,0
22.27552,1,0,0,0
22.53391,1,1,1,0
22.06915,1,1,1,0
19.63956,1,0,1,0
22.06915,1,0,1,0
21.72063,1,0,0,0
22.53391,1,1,1,0
22.53391,1,0,0,0
20.89957,1,0,0,0
19.63956,1,1,1,0
22.27552,1,0,0,0
22.41159,1,1,0,0
22.41159,1,0,0,0
21.53017,0,0,0,0
20.89957,1,1,0,0
19.63956,1,1,1,0
22.27552,1,0,0,0
22.27552,1,0,0,0
20.89957,1,1,1,0
22.06915,1,1,0,0
22.27552,1,0,0,0
22.06915,1,1,1,0
20.89957,1,0,0,0
20.89957,1,0,0,0
22.41159,1,0,1,0
22.53391,1,1,1,0
18.86238,1,0,1,0
20.89957,1,1,1,0
19.63956,1,0,1,0
19.63956,1,0,1,0
20.89957,1,0,1,0
20.89957,1,0,0,0
22.53391,1,0,0,0
20.89957,1,1,1,0
22.41159,1,0,0,0
20.89957,1,0,0,0
22.06915,1,0,1,0
22.41159,1,1,0,0
22.41159,1,1,1,0
18.86238,1,0,1,0
22.06915,1,0,1,0
22.06915,1,1,1,0
22.41159,1,1,0,0
22.53391,1,0,0,0
19.63956,1,1,1,0
20.89957,1,0,1,0
22.06915,1,0,0,0
22.53391,1,0,0,0
22.41159,1,0,0,0
22.06915,1,1,1,0
18.86238,1,1,1,0
19.63956,1,1,1,0
18.86238,1,0,0,0
22.06915,1,0,0,0
22.27552,1,0,0,0
22.27552,1,0,0,0
22.06915,1,1,1,0
22.53391,0,1,0,0
22.41159,1,0,0,0
21.72063,0,1,0,0
22.41159,1,1,1,0
18.86238,1,0,1,0
22.27552,1,0,0,0
21.53017,1,0,1,0
22.06915,1,1,1,0
22.53391,1,0,0,0
20.89957,1,1,1,0
19.63956,1,0,1,0
20.89957,1,1,1,0
20.89957,1,1,0,0
22.41159,1,1,0,0
21.53017,1,0,0,0
22.53391,1,0,0,0
22.06915,1,1,1,0
22.53391,1,0,0,0
22.41159,1,1,0,0
20.89957,1,1,0,0
20.89957,1,0,1,0
22.53391,0,0,0,0
22.41159,1,0,1,0
22.41159,1,1,1,0
21.53017,1,0,0,0
22.41159,1,0,0,0
22.41159,1,1,1,0
20.89957,1,0,1,0
20.89957,1,1,1,0
20.89957,1,1,1,0
22.27552,1,0,0,0
20.89957,1,1,0,0
22.53391,1,1,0,0
20.89957,1,1,1,0
22.53391,1,0,0,0
22.41159,1,0,0,0
22.06915,1,1,1,0
22.53391,1,0,0,0
22.06915,1,0,0,0
22.53391,1,0,0,0
22.27552,1,0,0,0
22.41159,1,1,1,0
22.06915,1,1,1,0
22.06915,1,1,1,0
20.89957,1,1,1,0
22.53391,1,0,0,0
20.89957,1,1,0,0
22.41159,1,0,0,0
22.41159,1,0,0,0
22.53391,1,0,1,0
21.72063,1,0,0,0
22.41159,1,0,1,0
22.06915,1,1,1,0
22.41159,1,0,1,0
22.06915,1,1,0,0
22.27552,1,0,0,0
22.27552,0,0,0,0
22.53391,1,0,0,0
22.53391,1,1,0,0
20.89957,1,1,1,0
22.53391,1,0,0,0
22.41159,1,0,0,0
22.53391,1,0,0,0
22.41159,1,1,1,0
22.06915,1,0,0,0
22.41159,1,1,1,0
22.41159,0,1,1,0
22.41159,1,0,0,0
22.41159,1,0,0,0
22.06915,1,0,1,0
22.06915,1,1,1,0
22.41159,1,1,1,0
22.27552,1,0,0,0
20.89957,1,1,0,0
22.53391,1,0,0,0
22.53391,1,0,0,0
22.53391,1,0,0,0
22.53391,1,1,1,0
22.53391,1,1,0,0
22.53391,1,0,0,0
22.53391,1,0,0,0
22.06915,1,1,1,0
22.06915,1,1,1,0
22.06915,1,1,1,0
22.53391,1,0,0,0
22.41159,1,0,0,0
22.41159,1,1,0,0
22.53391,1,1,0,0
22.53391,1,0,0,0
22.53391,1,1,0,0
22.41159,1,0,1,0
22.53391,1,0,0,0
20.89957,1,1,1,0
21.72063,1,1,0,0
21.53017,1,1,0,0
22.06915,1,1,1,0
22.41159,1,0,0,0
22.41159,1,1,0,0
22.06915,1,1,1,0
22.53391,1,0,0,0
22.53391,1,0,0,0
22.06915,1,1,0,0
21.53017,1,1,0,0
22.41159,1,0,0,0
22.06915,1,0,1,0
22.27552,1,0,0,0
21.53017,1,1,1,1
21.72063,1,0,0,0
22.53391,1,0,0,0
22.41159,1,1,0,0
22.53391,1,1,1,0
22.41159,1,1,0,0
22.41159,1,0,1,0
22.41159,1,0,1,0
22.27552,1,0,0,0
22.27552,0,0,0,0
22.06915,1,0,1,0
22.06915,1,0,0,0
22.53391,1,0,0,0
22.27552,1,0,0,0
22.53391,1,0,0,0
22.53391,1,0,0,0
21.72063,1,0,0,0
22.41159,1,0,0,0
22.41159,1,1,1,0
22.41159,1,1,0,0
22.41159,1,0,0,0
22.53391,1,0,0,0
22.53391,1,1,0,0
22.41159,1,1,1,0
22.41159,1,0,0,0
22.06915,1,0,0,0
22.41159,1,0,0,0
22.53391,1,0,1,0
22.06915,1,1,0,0
22.41159,1,1,1,0
22.53391,1,0,0,0
22.41159,1,0,0,0
22.53391,1,0,0,0
22.06915,1,1,0,0
22.53391,1,0,1,0
22.41159,1,1,0,0
22.41159,1,1,1,0
22.41159,1,1,1,0
21.72063,1,1,0,0
22.06915,1,0,0,0
22.41159,1,0,1,0
21.72063,0,0,0,0
22.27552,1,0,0,0
22.06915,1,1,0,0
22.41159,1,1,0,0
21.72063,1,0,0,0
22.41159,1,0,1,0
22.41159,1,0,0,0
22.41159,1,0,0,0
22.41159,0,1,1,0
22.53391,0,0,0,0
22.41159,1,0,1,0
22.27552,1,0,0,0
22.41159,1,1,1,0
19.2891,0,0,0,0
22.06915,1,1,1,0
22.41159,1,1,1,0
22.53391,1,1,1,0
22.53391,1,0,0,0
22.41159,1,1,1,0
21.53017,1,0,0,0
22.27552,0,0,0,0
22.06915,1,1,0,0
22.41159,0,1,1,0
22.41159,1,0,0,0
22.53391,1,1,0,0
22.53391,1,0,0,0
21.72063,1,1,0,0
20.89957,1,1,0,0
22.53391,1,1,0,0
20.89957,1,1,1,0
22.06915,1,1,1,0
22.06915,1,1,0,0
22.06915,1,1,0,0
22.53391,1,1,1,0
22.27552,1,0,0,0
21.53017,1,1,1,0
22.53391,1,1,0,0
22.06915,1,1,0,0
22.53391,1,0,1,0
22.41159,1,1,1,0
22.41159,1,1,1,0
22.06915,1,1,0,0
22.06915,1,1,0,0
22.41159,1,1,0,0
22.41159,1,0,0,0
22.06915,1,1,1,0
22.27552,1,0,0,0
22.41159,1,1,0,0
22.27552,0,0,0,0
22.53391,1,0,0,0
22.27552,1,0,0,0
22.53391,1,0,0,0
22.41159,1,0,0,0
22.53391,1,0,0,0
22.06915,1,1,1,0
21.53017,1,1,0,0
22.41159,1,0,1,0
22.41159,1,1,1,0
22.53391,1,0,0,0
20.89957,1,1,1,0
22.53391,1,0,0,0
22.06915,1,1,1,0
22.41159,1,0,0,0
22.41159,1,0,0,0
22.27552,0,0,0,0
22.41159,1,1,1,0
22.27552,1,0,0,0
22.27552,1,0,0,0
22.27552,1,0,0,0
22.53391,1,0,0,0
22.53391,1,0,0,0
22.27552,1,0,0,0
22.06915,1,1,1,0
22.41159,1,1,1,0
22.06915,1,1,0,0
22.41159,1,1,1,0
21.72063,1,0,0,0
22.53391,1,0,1,0
22.06915,1,1,1,0
22.41159,1,1,1,0
22.41159,1,0,0,0
22.06915,1,1,0,0
22.41159,1,0,0,0
22.27552,1,0,0,0
22.27552,1,1,1,0
22.41159,1,1,0,0
22.41159,1,0,0,0
22.06915,1,1,0,0
22.06915,1,0,0,0
20.89957,1,1,1,0
22.53391,1,0,0,0
22.41159,1,1,1,0
22.53391,1,0,0,0
22.41159,1,0,0,0
22.53391,1,0,0,0
22.27552,1,0,0,0
20.89957,1,1,1,0
22.06915,1,0,0,0
22.27552,1,0,0,0
22.06915,1,1,0,0
22.53391,0,0,0,0
22.53391,1,1,1,0
21.72063,0,0,0,0
22.27552,1,0,0,0
22.06915,1,1,1,0
22.53391,1,0,0,0
22.27552,1,0,0,0
20.89957,1,1,1,0
22.41159,1,1,0,0
22.27552,1,0,1,0
22.06915,1,1,1,0
22.41159,1,0,1,0
22.41159,1,1,0,0
22.53391,1,0,1,0
22.41159,1,1,1,0
22.27552,0,1,0,0
22.06915,1,1,1,0
20.89957,1,1,1,0
21.53017,1,1,0,0
22.27552,1,0,0,0
22.41159,1,1,0,0
20.89957,1,1,1,0
22.41159,1,1,0,0
22.27552,1,1,0,0
22.41159,1,0,0,0
22.41159,1,0,0,0
21.72063,1,0,0,0
20.89957,1,0,1,0
22.27552,1,1,0,0
20.89957,1,1,1,0
22.41159,1,1,1,1
22.41159,1,0,0,0
22.06915,1,1,0,0
22.06915,1,0,1,0
22.53391,1,0,0,0
22.06915,1,0,0,0
22.41159,1,0,1,0
22.27552,1,0,0,0
22.27552,1,0,0,0
22.41159,1,1,0,0
22.06915,1,1,0,0
20.89957,1,1,1,0
20.89957,1,1,1,0
22.41159,1,1,1,0
22.53391,1,1,1,0
22.06915,1,1,0,0
22.06915,1,0,1,0
22.06915,1,0,0,0
20.89957,1,1,1,0
22.06915,1,1,1,0
22.06915,1,1,1,0
22.41159,1,1,0,0
22.41159,1,0,1,0
22.06915,1,1,1,0
22.53391,1,1,0,0
22.53391,1,1,1,0
21.53017,1,1,0,0
22.06915,1,1,1,0
22.06915,1,1,0,0
22.41159,1,0,1,0
22.06915,1,1,0,0
22.41159,1,1,1,0
21.53017,1,1,1,0
17.43159,0,0,0,0
22.53391,1,0,0,0
22.06915,1,1,0,0
22.06915,1,1,1,0
22.53391,1,0,1,0
20.89957,1,1,0,0
22.53391,1,1,0,0
22.27552,0,0,0,0
20.89957,1,1,1,0
22.06915,1,0,0,0
22.53391,1,0,1,0
22.41159,1,0,0,0
22.53391,1,0,1,0
22.27552,1,0,0,0
22.53391,1,0,1,0
22.53391,1,0,0,0
20.89957,1,0,0,0
22.06915,1,1,1,0
22.06915,1,0,1,0
22.06915,1,1,1,0
22.53391,1,0,0,0
22.41159,0,0,0,0
22.39378,0,0,0,0
22.27552,1,0,0,0
22.27552,0,0,0,0
22.53391,1,0,0,0
22.53391,1,1,0,0
22.41159,1,0,0,0
22.06915,1,0,0,0
22.41159,1,0,0,0
22.41159,1,1,1,0
22.53391,1,0,0,0
22.53391,1,1,0,0
22.41159,1,1,1,0
22.06915,1,1,1,0
22.41159,1,1,1,0
21.72063,1,0,0,0
22.27552,1,0,0,0
22.41159,1,0,0,0
22.27552,1,0,0,0
22.53391,1,0,1,0
22.06915,1,0,0,0
22.41159,1,1,1,0
22.53391,1,0,0,0
22.06915,1,0,0,0
22.53391,1,1,1,0
22.53391,1,1,1,0
22.53391,1,0,0,0
22.53391,1,0,0,0
22.06915,1,1,0,0
22.39378,1,0,0,0
22.41159,0,0,1,0
18.90116,1,1,1,0
22.41159,1,0,0,0
20.89957,1,1,1,0
22.53391,1,0,0,0
22.06915,1,1,1,0
20.89957,1,0,0,0
22.27552,0,0,0,0
22.06915,1,0,0,0
22.27552,1,0,0,0
22.06915,1,0,0,0
22.27552,1,0,0,0
22.41159,1,1,1,0
22.41159,1,0,0,0
22.53391,1,0,0,0
22.41159,1,1,1,0
22.41159,1,1,1,0
22.06915,1,0,0,0
22.41159,1,0,0,0
22.41159,1,1,1,0
22.06915,1,0,0,0
22.06915,1,0,0,0
21.72063,1,0,0,0
22.06915,1,0,0,0
22.41159,1,1,1,0
22.41159,1,1,0,0
22.41159,1,1,1,0
22.53391,1,0,0,0
22.53391,1,0,1,0
20.89957,1,1,1,0
22.06915,1,0,1,0
22.27552,1,0,0,0
22.53391,1,0,0,0
22.06915,1,1,0,0
22.06915,1,1,0,0
22.06915,1,0,1,0
22.06915,1,1,1,0
22.06915,1,1,0,0
21.72063,0,0,0,0
22.53391,1,0,0,0
22.53391,0,0,0,0
22.27552,1,1,0,0
22.06915,1,1,1,0
22.27552,1,0,0,0
22.41159,1,1,1,0
22.27552,1,0,0,0
22.53391,1,0,0,0
22.27552,1,0,0,0
22.06915,1,1,0,0
22.53391,1,0,1,0
22.27552,1,0,0,0
18.86238,1,0,0,0
22.41159,1,0,1,0
22.27552,1,1,1,0
22.27552,1,0,0,0
22.06915,1,1,0,0
22.41159,1,1,1,0
22.27552,1,0,0,0
22.41159,1,1,0,0
22.41159,1,0,1,0
22.53391,1,0,0,0
22.53391,1,0,0,0
22.53391,1,1,1,0
22.06915,1,1,0,0
22.41159,1,1,1,0
22.27552,1,0,0,0
22.27552,1,1,1,0
22.06915,1,1,0,0
22.41159,1,1,0,0
22.53391,1,0,0,0
22.53391,1,1,1,0
22.53391,1,0,0,0
22.41159,1,0,0,0
21.72063,1,0,0,0
22.53391,1,0,0,0
21.72063,1,0,0,0
22.53391,0,0,0,0
22.41159,1,1,1,0
21.53017,1,0,0,0
22.27552,1,0,0,0
22.41159,1,1,1,0
22.53391,1,0,0,0
22.06915,1,0,0,0
20.89957,1,0,0,0
22.53391,1,0,1,0
22.27552,1,0,0,0
22.53391,1,0,0,0
22.39378,0,0,0,0
22.53391,1,0,0,0
22.41159,1,0,0,0
22.41159,1,1,0,0
21.72063,1,0,0,0
22.53391,1,0,0,0
21.53017,1,0,1,0
22.41159,1,1,1,0
22.41159,1,0,0,0
22.06915,1,1,0,0
22.41159,1,0,0,0
21.53017,1,1,0,0
22.53391,1,1,1,0
22.27552,1,0,1,0
20.89957,1,0,1,0
22.27552,1,0,0,0
22.06915,1,1,1,0
22.27552,1,0,0,0
22.27552,0,0,0,0
22.53391,1,0,0,0
22.53391,1,0,0,0
22.27552,1,0,0,0
22.27552,0,0,0,0
22.53391,1,1,0,0
20.89957,1,0,1,0
22.41159,1,1,1,0
21.53017,1,0,0,0
22.06915,1,1,1,0
22.53391,1,0,0,0
21.53017,1,0,1,0
22.06915,1,0,0,0
22.53391,1,0,1,0
22.06915,1,1,1,0
22.06915,1,0,1,0
22.06915,1,1,1,0
21.72063,1,1,0,0
22.41159,1,0,1,0
22.41159,1,0,0,0
22.53391,1,0,0,0
22.41159,1,0,0,0
22.41159,1,1,1,0
22.41159,1,0,0,0
22.27552,1,0,0,0
21.53017,1,0,0,0
22.27552,1,0,0,0
22.06915,1,1,1,0
21.72063,1,0,0,0
22.41159,1,1,1,0
22.41159,1,0,0,0
22.27552,1,1,1,0
22.41159,1,1,0,0
20.89957,1,1,1,0
22.41159,1,0,0,0
22.53391,1,0,0,0
22.41159,1,0,1,0
22.41159,1,1,0,0
22.53391,1,0,0,0
21.53017,0,0,0,0
22.53391,1,1,1,0
22.41159,1,1,1,0
22.41159,1,0,0,0
22.53391,1,0,0,0
22.27552,1,0,0,0
22.27552,0,0,0,0
22.53391,1,0,0,0
22.53391,1,0,0,0
22.06915,1,1,1,0
22.41159,1,1,1,0
22.06915,1,1,0,0
22.27552,0,0,0,0
22.41159,1,0,0,0
22.27552,1,0,0,0
22.53391,1,0,0,0
22.41159,1,0,0,0
22.27552,0,0,0,0
22.53391,1,0,0,0
22.27552,0,0,0,0
22.27552,1,0,0,0
22.53391,1,0,0,0
22.06915,1,0,1,0
22.53391,1,0,0,0
22.53391,1,0,0,0
22.41159,1,1,1,0
22.41159,1,1,1,0
22.27552,1,0,0,0
22.41159,1,1,0,0
22.27552,1,0,0,0
22.06915,1,1,0,0
22.41159,1,1,0,0
22.06915,1,1,1,0
22.53391,1,0,0,0
22.06915,1,1,1,0
22.41159,1,0,0,0
21.72063,1,0,0,0
22.06915,1,1,1,0
22.27552,1,1,0,0
22.06915,1,1,1,0
22.06915,1,0,1,0
19.63956,1,0,0,0
22.41159,1,1,0,0
22.06915,1,1,1,0
22.41159,1,0,0,0
22.41159,1,0,0,0
21.72063,0,0,0,0
22.41159,0,0,0,0
22.53391,1,0,0,0
22.27552,0,0,0,0
22.41159,1,0,0,0
22.53391,1,1,1,0
21.53017,1,1,0,0
21.72063,1,0,0,0
22.41159,1,0,0,0
22.53391,1,0,0,0
22.41159,1,0,0,0
22.41159,1,0,1,0
22.06915,1,1,1,0
21.72063,0,0,0,0
22.27552,1,0,0,0
22.06915,1,1,1,0
22.06915,1,0,1,0
22.41159,1,1,0,0
22.06915,1,1,0,0
22.27552,1,0,0,0
22.27552,1,0,0,0
22.06915,1,1,1,0
22.06915,1,1,0,0
22.06915,1,1,1,0
19.63956,1,1,1,0
22.53391,1,0,0,0
22.06915,1,1,1,0
22.41159,1,0,0,0
19.2891,0,0,0,0
22.06915,1,1,0,0
22.53391,1,0,0,0
22.27552,1,0,0,0
17.43159,0,0,0,0
22.41159,1,1,0,0
21.72063,1,0,0,0
21.72063,1,0,0,0
22.41159,1,0,0,0
22.53391,1,0,0,0
22.41159,1,0,0,0
22.41159,1,0,0,0
22.06915,1,0,0,0
21.72063,0,0,0,0
22.53391,1,0,0,0
22.41159,1,0,0,0
21.72063,0,0,0,0
22.06915,1,1,0,0
22.41159,1,1,1,0
22.27552,1,0,0,0
22.06915,1,0,0,0
22.53391,1,0,1,0
22.41159,1,0,0,0
22.06915,1,1,1,0
22.53391,1,0,0,0
22.06915,1,0,1,0
21.72063,1,0,0,0
22.27552,1,0,0,0
22.53391,1,0,0,0
22.53391,1,1,0,0
22.41159,1,1,0,0
22.41159,1,0,1,0
22.06915,1,0,1,0
22.27552,1,0,0,0
22.41159,1,1,1,0
22.06915,0,1,0,0
22.06915,1,1,1,0
21.53017,1,1,0,0
22.53391,1,0,0,0
22.53391,1,0,0,0
22.27552,1,0,0,0
22.41159,1,1,0,0
22.06915,1,1,0,0
22.53391,1,0,0,0
22.41159,1,1,1,0
22.06915,1,1,0,0
22.53391,1,0,0,0
22.53391,1,0,0,0
22.53391,1,0,0,0
22.27552,1,1,0,0
22.53391,1,0,0,0
22.53391,1,1,0,0
22.53391,1,1,1,0
22.41159,1,1,1,0
22.41159,1,1,0,0
22.27552,1,0,0,0
22.53391,1,1,0,0
22.41159,1,1,1,0
21.72063,1,0,0,0
22.53391,1,0,0,0
22.41159,1,0,0,0
22.53391,1,1,0,0
22.53391,1,0,0,0
22.53391,1,0,0,0
22.27552,1,0,0,0
20.89957,1,1,0,0
22.41159,0,1,0,0
22.27552,0,0,0,0
22.06915,1,1,0,0
22.53391,0,1,0,0
21.72063,0,0,0,0
22.27552,1,0,0,0
22.53391,1,0,0,0
22.53391,1,1,1,0
22.41159,1,0,0,0
22.06915,1,1,0,0
20.89957,1,1,0,0
21.72063,0,0,0,0
22.53391,1,0,0,0
22.06915,1,0,1,0
22.27552,1,0,0,0
20.89957,1,0,1,0
22.53391,1,0,1,0
20.89957,1,1,0,0
22.41159,1,1,1,0
22.27552,1,0,0,0
21.72063,1,0,0,0
22.53391,1,0,0,0
22.41159,1,1,0,0
22.53391,1,0,0,0
22.41159,1,0,0,0
22.41159,1,1,0,0
22.27552,1,0,0,0
22.41159,1,0,0,0
22.06915,1,1,0,0
22.41159,1,0,0,0
22.53391,1,0,0,0
22.06915,1,1,0,0
22.53391,1,0,0,0
22.53391,1,0,1,0
22.41159,1,1,1,0
22.06915,1,1,1,0
22.06915,1,1,1,0
22.27552,1,1,0,0
22.53391,1,0,0,0
22.06915,1,1,1,0
22.41159,1,0,0,0
22.41159,1,1,0,0
22.41159,1,1,1,0
22.06915,1,1,0,0
22.06915,1,1,1,0
22.41159,1,1,0,0
22.53391,1,0,0,0
22.53391,1,1,1,0
22.41159,1,0,0,0
22.53391,1,0,0,0
22.27552,1,0,0,0
22.41159,1,1,0,0
22.41159,1,1,1,0
22.41159,1,0,0,0
22.27552,1,0,0,0
22.06915,1,1,0,0
22.06915,1,0,1,0
22.41159,1,1,1,0
22.06915,1,1,0,0
22.53391,1,0,1,0
22.53391,1,1,1,0
22.53391,1,0,0,0
22.06915,1,1,1,0
22.41159,1,0,1,0
22.53391,1,0,0,0
22.06915,1,1,0,0
22.53391,1,0,0,0
20.89957,1,1,0,0
22.06915,1,0,1,0
21.72063,1,0,0,0
22.41159,1,0,0,0
22.53391,1,1,1,0
22.41159,1,1,1,0
22.41159,1,1,0,0
22.41159,1,0,0,0
22.41159,1,0,1,0
21.72063,0,0,0,0
22.41159,1,0,1,0
21.72063,0,0,0,0
22.06915,1,1,1,0
22.53391,1,0,1,0
22.41159,1,0,0,0
22.53391,1,0,0,0
22.41159,1,1,0,0
22.27552,1,0,0,0
21.72063,1,0,0,0
21.72063,0,0,0,0
22.06915,1,1,0,0
22.06915,1,1,0,0
22.27552,1,0,0,0
22.27552,1,0,0,0
22.27552,1,0,0,0
22.41159,1,0,0,0
22.41159,1,0,0,0
21.53017,1,1,1,0
22.53391,1,0,0,0
22.27552,0,0,0,0
22.41159,1,1,0,0
22.53391,1,0,1,0
22.06915,1,1,1,0
22.06915,1,1,0,0
22.53391,0,1,1,0
22.06915,1,1,0,0
22.41159,1,1,1,0
22.06915,1,0,1,0
22.27552,1,0,0,0
22.41159,1,1,0,0
22.41159,1,0,0,0
22.41159,1,1,1,0
22.27552,1,0,0,0
22.41159,1,1,0,1
22.27552,1,0,0,0
20.89957,1,1,1,0
22.06915,1,1,1,0
22.41159,1,1,0,0
22.53391,1,0,0,0
22.53391,1,0,0,0
22.53391,1,0,1,0
22.41159,1,0,1,0
22.53391,1,1,1,0
22.53391,1,0,0,0
22.53391,1,0,0,0
22.27552,1,0,0,0
22.27552,1,0,0,0
22.53391,1,1,1,0
22.27552,1,0,0,0
22.41159,1,0,0,0
22.27552,1,0,0,0
19.63956,1,1,1,0
22.41159,1,1,1,0
21.72063,1,1,0,0
22.41159,1,1,1,0
22.06915,1,1,1,0
22.41159,1,0,1,0
22.41159,1,1,1,0
22.27552,1,0,0,0
22.06915,1,0,0,0
20.89957,1,1,0,0
22.53391,1,1,0,0
22.06915,1,1,0,0
22.27552,1,0,0,0
22.53391,1,0,0,0
22.53391,1,0,0,0
22.53391,1,0,0,0
22.06915,1,1,1,0
22.53391,1,0,1,0
22.41159,1,0,0,0
22.41159,1,1,0,0
21.72063,0,0,0,0
22.53391,1,1,1,0
22.06915,1,1,1,0
22.27552,1,0,0,0
22.06915,1,0,0,0
22.06915,1,1,1,0
22.53391,1,0,0,0
22.06915,0,1,0,0
22.06915,1,1,1,0
22.06915,1,1,1,0
21.53017,1,0,0,0
22.41159,1,0,1,0
22.41159,1,0,0,0
22.53391,1,0,1,0
21.72063,0,0,0,0
22.53391,1,0,0,0
22.53391,1,0,0,0
22.53391,1,1,0,0
21.53017,1,1,1,0
22.06915,1,1,0,0
22.41159,1,1,1,0
21.53017,1,1,1,0
22.27552,0,0,0,0
22.06915,0,0,0,0
22.41159,1,1,1,0
18.90116,1,1,1,0
22.06915,1,1,0,0
22.06915,1,1,1,0
22.06915,1,1,1,0
22.41159,1,1,1,0
22.06915,1,0,1,0
21.72063,1,1,1,0
22.41159,1,1,1,0
22.41159,1,1,1,0
22.41159,1,0,1,0
22.41159,1,0,0,0
20.89957,1,1,0,0
22.41159,1,1,1,0
22.41159,1,0,0,0
21.72063,1,0,0,0
22.53391,1,1,1,0
22.06915,1,1,1,0
22.53391,1,0,0,0
22.41159,1,0,1,0
22.53391,1,0,0,0
22.41159,1,1,0,0
22.27552,0,0,0,0
22.06915,1,1,0,0
22.41159,1,1,0,0
22.41159,1,1,1,0
22.41159,1,0,0,0
22.06915,1,1,1,0
22.27552,1,0,0,0
22.27552,1,1,0,0
19.2891,0,1,0,0
22.41159,1,0,0,0
22.41159,1,1,0,0
22.53391,1,0,0,0
22.41159,1,0,0,0
22.06915,1,1,1,0
22.41159,1,1,0,0
22.53391,1,1,1,0
22.53391,1,0,1,0
22.53391,1,0,0,0
22.41159,1,0,0,0
22.41159,1,0,0,0
22.53391,1,1,0,0
21.72063,1,0,0,0
22.53391,1,1,1,0
22.27552,1,0,0,0
22.41159,1,0,0,0
22.27552,1,0,0,0
22.41159,1,0,1,0
22.53391,1,0,0,0
22.41159,1,1,1,0
22.53391,1,0,0,0
18.90116,1,1,1,0
22.06915,1,1,0,0
22.06915,1,1,1,0
22.27552,1,1,1,1
22.41159,1,1,1,0
22.41159,1,1,0,0
22.41159,0,1,0,0
22.06915,1,0,0,0
22.53391,1,1,0,0
22.53391,1,0,0,0
22.41159,1,1,1,0
22.53391,1,0,1,0
22.53391,1,0,0,0
22.53391,1,1,1,0
22.06915,1,1,0,0
22.27552,1,0,0,0
21.72063,0,0,0,0
22.53391,1,0,0,0
22.06915,1,0,1,0
22.06915,1,0,0,0
22.06915,1,1,1,0
22.53391,1,1,1,0
22.53391,1,0,0,0
20.89957,1,1,1,0
22.41159,0,1,0,0
22.27552,1,0,0,0
22.53391,1,0,0,0
22.41159,1,0,0,0
22.53391,1,0,1,0
22.27552,0,0,0,0
22.53391,1,0,0,0
22.53391,1,1,1,0
22.27552,1,0,0,0
22.27552,0,0,0,0
22.53391,1,0,0,0
21.53017,0,0,0,0
22.06915,1,1,1,0
22.41159,1,1,0,0
22.41159,1,1,0,0
20.89957,1,1,1,0
22.06915,1,0,0,0
22.41159,1,1,0,0
22.41159,1,1,0,0
22.53391,1,1,0,0
21.53017,0,0,0,0
22.41159,1,1,1,0
22.41159,1,0,0,0
22.41159,1,0,0,0
22.41159,1,1,1,0
22.53391,1,0,0,0
22.53391,1,1,1,0
22.27552,1,1,0,0
22.06915,1,0,0,0
20.89957,1,1,1,0
22.41159,1,0,0,0
18.90116,1,0,0,0
22.06915,1,1,0,0
21.53017,0,0,0,0
22.06915,1,0,1,0
22.27552,1,0,0,0
21.72063,1,0,0,0
22.41159,1,1,1,0
20.89957,1,1,1,0
22.06915,1,1,0,0
22.27552,1,0,0,0
22.53391,1,0,1,0
22.41159,1,0,0,0
22.41159,1,1,1,0
22.53391,1,0,0,0
22.06915,1,1,0,0
22.53391,1,0,1,0
22.06915,1,1,0,0
22.41159,1,0,1,0
22.53391,1,1,0,0
22.41159,1,0,0,0
22.27552,1,0,0,0
22.41159,1,0,0,0
22.06915,1,1,0,0
21.53017,1,0,0,0
22.27552,1,0,0,0
22.53391,1,1,0,0
22.27552,1,0,0,0
22.53391,1,0,0,0
22.41159,1,1,1,0
22.06915,1,1,0,0
20.89957,1,1,0,0
22.53391,1,0,0,0
22.41159,1,0,0,0
22.53391,1,0,0,0
22.27552,1,1,0,0
22.53391,1,1,1,0
21.53017,1,0,0,0
22.53391,1,1,1,0
22.53391,1,1,0,0
22.53391,0,1,1,1
22.41159,1,0,0,0
22.06915,1,1,1,0
22.53391,1,0,0,0
22.06915,1,0,0,0
22.27552,0,0,0,0
22.27552,1,0,0,0
22.06915,1,0,1,0
22.06915,1,0,1,0
22.06915,1,1,0,0
22.53391,1,1,0,0
22.41159,1,1,1,0
22.06915,1,0,0,0
22.53391,1,0,0,0
22.53391,0,0,0,0
21.72063,0,1,0,0
22.41159,1,0,0,0
22.06915,1,1,1,0
22.27552,1,0,0,0
22.53391,1,1,1,0
22.06915,1,0,1,0
21.72063,1,0,0,0
22.41159,1,1,1,0
22.06915,1,1,1,0
22.41159,1,1,0,0
22.27552,1,0,0,0
22.27552,1,0,0,0
22.41159,1,0,1,0
21.72063,1,1,0,0
22.53391,1,0,0,0
22.53391,1,0,0,0
22.53391,1,0,0,0
21.53017,1,0,0,0
22.06915,1,0,0,0
22.41159,1,1,1,0
22.53391,1,1,1,0
22.27552,1,0,0,0
22.53391,1,0,0,0
22.53391,1,1,0,0
22.41159,1,0,0,0
21.53017,1,0,1,0
22.27552,1,0,0,0
22.53391,1,1,1,0
21.72063,1,0,0,0
22.41159,1,1,1,0
22.41159,1,0,0,0
22.06915,1,0,1,0
22.41159,1,1,1,0
19.63956,1,1,1,0
22.06915,1,1,1,1
22.53391,1,0,0,0
22.41159,1,0,1,0
21.72063,0,0,0,0
21.72063,1,0,0,0
22.41159,1,1,0,0
22.53391,1,0,0,0
20.89957,1,1,1,0
22.27552,1,0,0,0
22.41159,1,1,1,0
22.53391,1,0,0,0
22.27552,1,0,0,0
22.53391,1,0,0,0
22.41159,1,0,0,0
22.41159,1,1,0,0
22.53391,1,0,0,0
22.06915,1,1,0,0
20.89957,1,0,0,0
22.53391,1,0,0,0
22.06915,1,1,0,0
22.41159,1,0,0,0
22.41159,1,0,0,0
22.41159,1,1,1,0
21.53017,1,1,1,0
22.53391,1,0,0,0
22.41159,1,0,0,0
22.41159,1,1,1,0
22.27552,1,0,0,0
22.41159,1,1,1,0
22.53391,1,1,0,0
22.41159,1,0,0,0
21.72063,1,0,0,0
22.06915,1,1,1,0
20.89957,1,1,1,0
22.27552,1,0,0,0
22.53391,1,0,0,0
22.41159,1,0,0,0
22.27552,1,0,0,0
22.41159,1,1,1,0
22.41159,1,1,0,0
22.27552,1,0,0,0
21.53017,1,1,0,0
22.06915,1,1,1,0
20.89957,1,0,1,0
22.41159,1,1,1,0
22.06915,1,1,0,0
22.06915,1,1,0,0
22.41159,1,1,1,0
22.53391,1,1,1,0
22.53391,1,0,0,0
22.41159,1,1,0,0
22.27552,1,0,0,0
22.41159,1,1,0,0
22.06915,1,1,1,0
21.53017,1,0,0,0
21.72063,0,0,0,0
22.53391,1,1,0,0
22.53391,1,1,1,0
22.53391,1,0,0,0
22.27552,0,0,0,0
22.41159,1,1,1,0
22.27552,1,0,0,0
22.27552,1,1,1,0
21.53017,1,0,0,0
22.41159,1,0,0,0
22.41159,1,1,0,0
22.53391,1,1,1,0
22.53391,1,0,0,0
20.89957,1,1,1,0
22.06915,1,0,0,0
22.41159,1,0,0,0
21.53017,1,1,1,0
22.06915,1,1,1,0
21.53017,1,0,0,0
22.27552,1,0,0,0
22.53391,1,1,0,0
22.06915,1,1,1,0
22.06915,1,1,1,0
22.06915,1,0,1,0
22.06915,1,1,1,0
20.89957,1,1,1,0
22.41159,1,1,1,0
22.27552,1,0,0,0
21.53017,1,0,0,0
22.06915,0,0,0,0
22.41159,1,0,0,0
22.27552,0,0,0,0
22.41159,1,1,1,0
22.06915,1,0,0,0
22.53391,1,1,1,0
22.53391,1,0,0,0
22.53391,1,1,1,0
22.06915,1,0,0,0
22.06915,1,1,1,0
20.89957,1,1,0,0
22.53391,1,1,1,0
22.06915,1,1,1,0
21.72063,1,0,0,0
22.27552,1,0,0,0
22.53391,1,0,0,0
22.41159,1,1,1,0
22.27552,1,0,0,0
22.41159,1,1,1,0
22.06915,1,0,0,0
22.39378,1,0,0,0
22.53391,1,0,0,0
22.27552,1,0,0,0
22.06915,1,1,1,0
22.06915,1,1,1,0
22.41159,1,0,0,0
22.41159,1,1,1,0
21.53017,1,0,0,0
22.06915,1,1,0,0
22.06915,1,1,1,0
21.72063,1,0,0,0
22.41159,1,1,1,0
22.41159,1,1,1,0
22.41159,1,0,0,0
22.41159,1,1,0,0
22.06915,1,0,0,0
22.27552,1,1,1,0
22.53391,1,1,0,0
22.06915,1,0,0,0
21.72063,0,0,0,0
22.41159,1,0,0,0
22.27552,1,0,0,0
22.41159,1,1,1,0
22.53391,1,0,0,0
22.53391,1,0,0,0
22.27552,1,0,0,0
22.53391,1,0,1,0
22.53391,1,0,0,0
22.06915,1,1,1,0
20.89957,1,1,1,0
22.27552,1,1,0,0
22.06915,1,1,0,0
22.41159,1,1,1,0
22.06915,1,1,0,0
22.27552,1,0,0,0
20.89957,1,1,1,0
22.06915,1,0,0,0
22.41159,1,1,0,0
22.06915,1,1,0,0
22.41159,1,1,0,0
22.06915,1,1,1,0
22.27552,1,0,0,0
22.53391,1,0,0,0
22.06915,1,1,0,0
22.53391,1,1,1,0
22.41159,1,1,1,0
22.53391,1,0,0,0
22.06915,1,1,1,0
22.53391,1,0,0,0
22.06915,1,0,0,0
22.41159,1,0,0,0
22.06915,1,0,0,0
22.41159,1,0,0,0
21.72063,1,0,0,0
22.06915,1,1,1,0
22.27552,1,0,0,0
22.53391,1,0,0,0
22.41159,1,1,1,0
22.53391,1,1,1,0
22.06915,1,1,1,0
22.53391,1,0,0,0
19.63956,1,0,1,0
20.89957,1,1,1,0
22.53391,1,1,1,0
21.53017,1,1,1,0
22.41159,1,1,0,0
22.53391,1,0,1,0
21.53017,1,1,0,0
22.27552,1,0,0,0
22.41159,1,1,1,0
22.41159,1,0,0,0
22.41159,1,1,0,0
22.41159,1,0,0,0
22.06915,1,1,1,0
20.89957,1,0,0,0
22.41159,1,1,0,0
22.41159,1,0,0,0
22.41159,1,0,0,0
22.41159,1,1,0,0
21.53017,1,1,1,0
22.06915,1,1,1,0
22.41159,1,0,0,0
22.41159,1,0,0,0
21.72063,0,0,0,0
22.41159,1,1,1,0
22.06915,1,1,0,0
22.27552,1,0,1,0
22.41159,1,0,0,0
22.41159,1,1,1,0
22.27552,1,1,1,0
20.89957,1,1,1,0
22.41159,1,0,0,0
22.41159,1,0,0,0
22.41159,1,0,1,0
21.53017,0,0,0,0
22.41159,1,0,0,0
22.41159,1,0,0,0
22.41159,1,1,0,0
22.53391,1,0,0,0
21.53017,1,1,0,0
22.41159,1,1,1,0
22.27552,1,0,0,0
22.06915,1,1,1,0
22.27552,0,0,0,0
22.53391,1,0,1,0
22.53391,1,0,0,0
22.27552,0,0,0,0
22.41159,1,0,0,0
19.2891,0,0,0,0
22.06915,1,0,1,0
22.41159,1,0,1,0
22.06915,1,1,1,0
21.72063,1,1,0,0
22.53391,1,0,0,0
22.41159,1,1,1,0
21.72063,0,0,0,0
21.72063,1,1,0,0
22.06915,1,1,0,0
22.27552,1,0,0,0
21.72063,0,0,0,0
22.41159,1,1,1,0
22.53391,1,1,0,0
22.06915,1,1,0,0
22.41159,1,1,1,0
22.41159,1,0,0,0
22.53391,1,1,0,0
22.53391,1,0,0,0
21.72063,0,0,0,0
22.06915,1,0,0,0
22.41159,1,0,0,0
22.41159,1,1,1,0
22.53391,1,0,1,0
22.06915,1,1,0,1
22.41159,1,1,1,0
22.53391,1,1,0,0
22.53391,1,0,0,0
22.41159,1,1,1,0
22.53391,1,0,1,0
22.53391,1,0,0,0
22.41159,1,1,0,0
19.2891,0,0,0,0
20.89957,1,1,1,0
22.27552,0,0,0,0
22.27552,1,0,0,0
22.06915,1,1,1,0
22.06915,1,0,1,0
22.06915,1,0,0,0
22.53391,1,1,1,0
22.41159,1,1,0,0
22.41159,1,0,0,0
22.41159,1,0,0,0
22.53391,1,0,0,0
22.53391,1,0,0,0
20.89957,1,0,0,0
21.72063,0,0,0,0
22.53391,1,1,1,0
22.41159,1,0,0,0
22.41159,1,1,0,0
22.53391,1,1,0,0
22.27552,1,1,0,0
22.06915,1,1,0,0
22.41159,1,0,0,0
22.41159,1,1,1,0
22.41159,1,1,1,0
22.41159,1,0,1,0
22.27552,1,0,0,0
22.53391,1,0,0,0
21.72063,1,0,0,0
22.27552,0,0,0,0
22.41159,1,0,0,0
22.53391,1,0,0,0
22.53391,1,0,1,0
22.41159,1,0,0,0
22.53391,1,0,0,0
22.41159,1,1,1,0
22.41159,1,0,0,0
20.89957,1,1,1,0
22.27552,1,0,0,0
22.53391,1,0,0,0
22.41159,1,0,0,0
22.27552,1,0,0,0
22.06915,1,1,0,0
22.41159,1,0,0,0
22.53391,0,0,0,0
22.27552,1,1,0,0
22.06915,1,1,1,0
22.41159,1,0,1,0
22.41159,1,0,0,0
22.06915,1,1,0,0
22.41159,1,0,0,0
22.06915,1,1,0,0
22.53391,1,0,0,0
22.27552,1,0,0,0
22.41159,1,1,0,0
21.72063,0,0,0,0
22.41159,1,1,1,0
22.41159,1,0,0,0
22.06915,1,1,1,0
22.41159,1,1,1,0
22.53391,1,1,1,0
22.27552,1,0,0,0
20.89957,1,1,0,0
22.41159,1,1,1,0
21.72063,0,0,0,0
22.27552,1,0,0,0
22.41159,1,0,0,0
22.53391,1,1,1,0
22.41159,1,0,0,0
22.41159,1,1,0,0
22.41159,1,0,0,0
22.41159,1,0,0,0
22.06915,1,0,0,0
22.27552,1,0,0,1
20.89957,1,0,0,0
22.27552,1,0,0,0
22.27552,1,0,0,0
22.53391,1,1,1,0
22.41159,0,1,1,0
21.53017,1,1,1,0
22.06915,1,1,1,0
22.06915,1,1,1,0
22.41159,0,0,0,0
22.06915,1,1,1,0
21.53017,1,1,1,0
22.53391,1,1,0,0
22.53391,1,1,1,0
22.27552,1,0,0,0
22.41159,1,1,1,0
21.53017,1,1,0,0
19.2891,0,0,0,0
22.53391,1,0,0,0
22.53391,1,0,0,0
22.06915,1,0,0,0
22.06915,1,0,1,0
22.06915,1,1,1,0
22.06915,1,0,0,0
22.27552,1,0,0,0
22.53391,1,0,0,0
21.72063,0,0,0,0
20.89957,1,0,0,0
22.06915,1,0,0,0
22.27552,0,0,0,0
19.63956,1,1,1,0
22.06915,1,1,1,0
22.06915,1,1,1,0
22.27552,1,0,0,0
22.41159,1,0,0,0
22.53391,1,0,0,0
21.72063,0,0,0,0
22.53391,1,1,0,0
22.06915,1,0,0,0
22.41159,1,1,1,0
22.27552,1,0,0,0
22.27552,1,0,0,0
22.53391,1,1,1,0
22.53391,1,1,0,0
22.27552,1,0,0,0
22.41159,1,1,1,0
22.41159,1,1,0,0
22.27552,1,1,0,0
22.41159,1,1,0,0
22.41159,1,1,1,0
22.41159,1,1,1,0
22.53391,1,0,0,0
20.89957,1,1,1,0
22.06915,1,1,0,0
22.06915,1,1,1,0
22.41159,1,1,0,0
22.53391,1,0,0,0
21.53017,1,0,1,0
22.53391,0,0,0,0
22.41159,1,1,1,0
22.53391,1,0,0,0
22.06915,1,1,0,0
22.06915,1,1,0,0
22.06915,1,1,1,0
22.53391,1,0,0,0
22.41159,1,0,0,0
22.41159,1,1,1,0
22.53391,1,1,1,0
22.53391,1,1,0,0
22.41159,1,1,0,0
22.41159,1,1,1,0
22.06915,1,1,1,0
22.06915,1,1,1,0
22.06915,1,1,1,0
22.27552,1,0,0,0
21.72063,0,0,0,0
22.53391,1,0,0,0
22.53391,1,0,0,0
22.27552,1,0,0,0
22.06915,1,1,0,0
22.27552,1,0,0,0
22.41159,1,1,0,0
22.06915,1,1,1,0
22.41159,1,1,1,0
22.53391,0,0,0,0
22.06915,1,1,1,0
20.89957,1,0,1,0
22.53391,1,1,1,0
22.53391,1,0,0,0
22.53391,1,0,0,0
22.41159,1,0,0,0
21.72063,1,0,0,0
22.41159,1,1,1,0
22.06915,1,1,1,0
22.41159,1,0,0,0
22.41159,1,0,0,0
22.27552,1,0,0,0
22.53391,1,0,0,0
22.53391,1,0,0,0
22.27552,1,0,0,0
22.06915,1,1,0,0
22.53391,1,0,0,0
22.53391,1,0,0,0
22.27552,1,0,0,0
22.41159,1,1,0,0
19.63956,1,1,1,0
22.53391,1,1,1,0
20.89957,1,1,1,0
22.27552,1,0,0,0
22.27552,1,0,0,0
22.53391,1,1,1,0
22.53391,1,0,1,0
22.27552,1,0,0,0
22.06915,1,1,1,0
20.89957,1,1,1,0
22.53391,1,0,0,0
22.41159,1,0,0,0
22.53391,1,0,0,0
21.53017,1,0,0,0
22.06915,1,0,0,0
20.89957,1,0,0,0
21.72063,1,0,0,0
22.53391,1,0,1,0
22.06915,1,1,1,0
22.53391,1,0,0,0
20.89957,1,1,0,0
22.27552,1,0,0,0
18.86238,1,1,1,0
21.72063,0,0,0,0
22.06915,1,1,1,0
22.27552,0,0,0,0
22.41159,1,1,1,0
22.53391,1,0,0,0
20.89957,1,0,0,0
22.41159,1,1,0,0
22.06915,1,1,1,0
20.89957,1,1,1,0
22.41159,1,0,0,0
22.41159,1,1,1,0
22.41159,1,1,0,0
22.06915,1,1,1,0
21.72063,0,0,0,0
22.41159,1,1,1,0
22.06915,1,1,1,0
22.06915,1,1,1,0
22.27552,1,0,0,0
22.06915,1,0,1,0
22.06915,1,1,0,0
22.27552,1,0,0,0
20.89957,1,1,1,0
22.53391,1,1,0,0
22.41159,1,1,0,0
22.06915,1,1,1,0
20.89957,1,0,1,0
22.06915,1,1,1,0
22.53391,1,0,0,0
22.41159,1,1,0,0
22.41159,1,0,1,0
22.06915,1,1,1,0
22.53391,1,0,0,0
22.06915,1,1,1,0
22.41159,1,0,0,0
22.27552,1,0,0,0
22.06915,1,0,0,0
22.41159,1,0,0,0
21.53017,1,0,0,0
22.06915,1,1,0,0
22.27552,1,0,0,0
22.06915,1,1,1,0
22.06915,1,0,0,0
21.53017,1,1,1,0
22.27552,1,0,0,0
22.53391,1,0,0,0
22.41159,1,0,0,0
21.72063,1,0,0,0
22.06915,1,1,0,0
22.27552,0,0,0,0
21.72063,0,0,0,0
20.89957,1,1,0,0
22.06915,1,1,1,0
21.72063,1,0,0,0
22.41159,1,0,0,0
22.41159,1,0,1,0
22.41159,1,1,1,0
22.06915,1,1,1,0
22.06915,1,1,1,0
22.53391,1,1,1,0
22.53391,1,0,0,0
21.72063,1,0,0,0
22.06915,1,1,1,0
21.72063,1,0,0,0
21.72063,1,0,0,0
22.41159,1,0,1,0
22.41159,1,0,0,0
22.06915,1,1,0,0
22.41159,1,1,1,0
22.39378,1,0,0,0
22.41159,1,1,1,0
21.53017,1,1,1,0
22.53391,1,0,0,0
22.27552,1,0,0,0
20.89957,1,1,1,0
22.27552,1,0,0,0
22.27552,1,1,0,0
21.53017,0,0,1,0
22.41159,1,0,0,0
21.53017,1,1,1,0
22.53391,1,0,1,0
21.72063,0,0,0,0
22.06915,1,1,1,0
22.41159,1,0,1,0
22.06915,1,1,1,0
22.41159,1,0,0,0
22.27552,1,1,0,0
20.89957,1,1,1,0
20.89957,1,1,1,0
22.06915,1,1,1,0
22.27552,1,0,0,0
22.06915,1,1,0,0
22.06915,1,1,0,0
21.72063,1,0,0,0
22.27552,1,0,0,0
22.27552,1,0,0,0
22.41159,1,1,1,0
22.41159,1,0,0,0
22.06915,1,1,0,0
22.41159,1,0,0,0
22.27552,0,0,0,0
18.86238,1,1,0,0
20.89957,1,1,1,0
22.06915,1,0,0,0
22.41159,1,1,0,0
20.89957,1,1,1,0
22.53391,1,1,1,1
22.06915,1,0,1,0
22.06915,1,0,1,0
20.89957,1,1,1,0
21.53017,1,0,0,0
21.53017,1,0,0,0
22.27552,1,0,0,0
22.53391,1,1,1,0
22.41159,1,1,0,0
22.41159,1,0,0,0
22.53391,1,0,0,0
22.06915,1,1,1,0
20.89957,1,0,1,0
22.41159,1,1,1,0
21.72063,0,0,0,0
21.53017,1,1,1,0
22.41159,1,1,0,0
22.53391,0,1,0,0
22.41159,1,1,0,0
22.53391,1,0,0,0
22.53391,1,1,0,0
22.06915,1,1,1,0
22.06915,1,1,1,0
22.27552,1,0,0,0
22.53391,1,0,0,0
20.89957,1,0,0,1
19.63956,1,1,1,0
20.89957,1,1,1,0
22.53391,1,0,0,0
22.06915,1,1,1,0
22.53391,1,1,0,0
22.06915,1,0,0,0
22.27552,1,1,0,0
22.41159,1,0,0,0
22.53391,1,0,0,0
22.27552,1,0,0,0
22.53391,1,0,0,0
22.06915,1,1,0,0
22.27552,1,0,0,0
22.27552,1,0,0,0
20.89957,1,1,1,0
22.27552,1,0,0,0
21.72063,1,0,0,0
22.53391,1,0,0,0
22.06915,1,0,1,0
22.41159,1,0,0,0
22.41159,1,1,0,0
22.41159,1,1,1,0
22.27552,1,0,0,0
22.41159,1,1,0,0
22.41159,1,1,1,0
22.06915,1,1,0,0
22.53391,1,0,0,0
22.06915,1,1,1,0
22.06915,1,1,1,0
22.41159,1,1,1,0
22.27552,1,0,0,0
22.27552,0,1,0,0
22.41159,1,1,0,0
22.53391,1,0,0,0
22.41159,1,0,0,0
22.06915,1,0,0,0
20.89957,1,1,1,0
22.27552,1,0,0,0
22.41159,1,1,1,0
22.53391,1,0,0,0
22.06915,1,1,0,0
22.06915,1,1,1,0
22.06915,1,1,1,0
20.89957,1,1,1,0
22.06915,1,1,0,0
22.06915,1,1,1,0
22.53391,1,0,0,0
22.06915,1,1,1,0
19.63956,1,0,0,0
22.53391,1,0,0,0
22.06915,1,1,1,0
22.41159,1,0,0,0
22.06915,1,1,0,0
22.27552,1,0,0,0
22.06915,1,1,1,0
22.27552,1,0,0,0
22.27552,1,0,0,0
21.72063,1,0,0,0
22.53391,1,0,0,0
22.27552,1,1,1,0
20.89957,1,1,1,0
22.41159,1,1,0,0
22.06915,1,1,1,0
22.53391,1,0,1,0
22.53391,1,0,1,0
22.06915,1,0,0,0
22.53391,1,0,0,0
22.06915,1,1,1,0
22.27552,1,0,0,0
22.27552,1,0,1,0
22.53391,1,0,0,0
22.27552,1,0,0,0
22.53391,1,0,0,0
22.06915,1,0,1,0
22.53391,1,1,1,0
22.41159,1,1,0,0
22.41159,1,1,0,0
21.53017,1,0,0,0
22.53391,1,0,0,0
22.06915,1,1,0,0
22.27552,1,0,0,0
22.27552,1,0,0,0
22.53391,0,1,1,0
22.41159,1,1,1,0
20.89957,1,1,1,0
22.41159,1,1,1,0
22.53391,1,0,0,0
20.89957,1,1,1,0
22.27552,1,0,0,0
22.27552,1,0,0,0
21.72063,0,0,0,0
22.27552,1,0,0,0
22.41159,1,1,0,0
22.06915,1,0,0,0
22.06915,1,1,1,0
21.53017,1,0,0,0
22.41159,1,1,1,0
22.53391,1,1,0,0
20.89957,1,1,1,0
21.53017,0,0,0,0
22.53391,0,1,0,0
20.89957,1,1,0,0
22.06915,1,0,0,0
22.27552,0,0,0,0
22.53391,1,0,0,0
22.53391,1,1,1,0
22.27552,1,0,0,0
22.27552,1,0,0,0
22.06915,1,0,1,0
22.41159,1,1,1,0
22.53391,1,1,1,0
22.06915,1,1,0,0
22.27552,1,0,0,0
22.53391,1,0,0,1
22.06915,1,1,1,0
17.40756,1,0,0,0
22.53391,0,0,0,0
21.72063,1,0,0,0
22.06915,1,0,1,0
20.89957,1,1,0,0
20.89957,1,1,1,0
22.06915,1,1,0,0
22.27552,0,0,0,0
22.53391,1,0,0,0
20.89957,1,0,0,0
22.53391,0,0,0,0
22.53391,1,0,0,0
21.53017,1,1,0,0
22.27552,1,0,0,0
22.41159,1,1,1,0
21.53017,0,0,0,0
22.27552,0,0,0,0
22.27552,1,0,0,0
22.41159,1,0,0,0
22.39378,1,1,0,1
21.72063,1,1,0,1
22.27552,1,0,0,1
21.53017,1,1,0,1
21.72063,0,1,0,1
21.72063,0,1,0,1
22.39378,1,1,0,1
21.72063,1,1,0,1
22.39378,1,1,0,1
19.2891,1,1,0,1
22.41159,1,0,0,0
16.30042,1,0,0,1
16.87992,1,1,0,1
22.27552,1,1,1,1
21.72063,1,1,0,1
21.53017,0,0,0,1
21.72063,1,0,0,1
22.53391,1,1,1,1
22.39378,0,0,0,1
22.39378,1,0,0,1
17.43159,1,1,0,1
17.43159,1,0,0,1
16.87992,1,0,0,1
22.27552,1,1,0,1
21.72063,1,1,0,1
22.53391,1,1,1,1
21.72063,1,1,0,0
22.39378,0,1,0,1
21.53017,0,1,0,1
21.72063,1,0,0,1
21.72063,1,1,0,1
22.53391,1,0,0,1
22.53391,1,1,1,1
22.39378,1,1,0,1
17.40756,0,1,0,1
21.72063,0,0,0,1
22.53391,0,1,1,1
21.53017,1,1,1,1
22.53391,1,0,0,1
21.72063,1,1,1,1
17.43159,1,1,0,1
22.53391,1,1,1,1
21.53017,0,0,0,1
22.39378,1,1,0,1
21.53017,0,0,0,1
22.27552,0,1,0,1
22.27552,1,1,0,1
16.30042,1,1,0,1
22.41159,1,1,1,1
21.72063,1,1,0,1
22.27552,0,0,0,1
22.53391,1,1,1,1
22.27552,1,1,1,1
22.39378,1,0,0,1
22.27552,1,0,0,1
21.72063,1,1,0,1
21.53017,1,0,0,1
22.53391,1,1,0,1
22.39378,0,1,0,1
22.39378,1,1,0,1
22.27552,1,1,0,1
22.41159,1,1,1,1
22.53391,1,1,0,1
22.39378,0,0,0,1
22.53391,1,0,0,1
21.72063,1,0,1,1
18.86238,1,1,1,1
21.72063,1,1,0,1
22.39378,1,1,0,1
22.53391,1,1,1,1
22.39378,1,1,0,1
21.72063,1,1,1,1
21.53017,1,1,1,1
22.27552,1,1,0,1
22.27552,0,0,0,1
22.53391,1,1,0,1
22.27552,1,1,0,1
22.27552,1,1,0,1
22.27552,1,1,1,1
22.27552,1,1,0,1
22.41159,0,1,0,1
21.53017,1,0,0,1
21.72063,1,0,0,1
22.53391,1,1,0,1
21.72063,1,1,0,1
22.27552,1,0,1,1
22.27552,1,1,1,1
22.39378,1,1,0,1
17.40756,1,0,0,1
22.53391,1,1,1,1
21.72063,0,1,0,1
22.53391,1,1,0,1
21.72063,1,0,0,1
22.27552,1,1,1,1
21.72063,1,1,0,1
22.53391,1,1,0,1
22.41159,1,1,1,1
22.53391,1,0,1,0
21.53017,0,0,0,1
21.72063,1,1,0,1
22.53391,1,1,1,1
22.27552,1,1,1,1
22.27552,1,1,0,1
22.41159,1,1,1,1
21.72063,1,1,0,1
22.27552,1,1,1,1
21.72063,1,0,0,1
22.27552,1,1,0,1
22.06915,1,1,1,1
19.2891,1,0,0,1
22.27552,1,1,1,1
22.53391,0,1,0,1
22.39378,1,1,0,1
22.39378,1,1,0,1
21.53017,0,0,0,1
22.39378,1,1,0,1
22.06915,1,1,1,0
22.53391,1,1,1,1
21.53017,1,1,1,1
22.53391,1,1,1,1
22.27552,1,1,1,1
22.27552,1,0,0,0
22.41159,1,1,1,1
22.27552,1,1,0,1
22.53391,1,1,1,1
22.27552,1,1,0,1
21.53017,1,0,0,1
21.72063,0,1,0,1
22.27552,1,1,1,1
21.72063,0,0,0,1
22.39378,1,1,0,1
22.53391,1,0,0,0
22.27552,1,0,0,1
22.27552,1,1,0,1
22.41159,1,0,0,0
22.27552,1,1,0,1
22.39378,1,1,0,1
22.27552,1,1,0,1
22.39378,1,1,0,1
22.27552,0,0,0,1
22.27552,1,0,0,0
22.27552,1,0,0,1
22.53391,1,1,1,1
22.39378,1,1,0,1
22.53391,1,1,1,1
22.53391,1,1,0,1
22.53391,1,1,1,1
21.72063,1,0,0,1
22.53391,1,1,0,1
22.53391,1,1,1,1
21.72063,1,1,0,1
22.27552,0,1,0,1
22.53391,1,1,1,1
17.43159,1,1,0,1
22.39378,1,1,0,1
22.27552,1,1,0,1
22.27552,0,1,1,1
22.27552,1,0,0,1
17.43159,1,1,0,1
21.72063,1,0,0,1
22.27552,1,1,1,1
22.27552,0,1,1,1
22.39378,1,1,0,1
22.27552,1,1,1,1
22.27552,1,0,0,1
22.27552,0,1,1,1
22.39378,1,1,0,0
22.41159,1,1,1,1
22.53391,1,1,1,1
22.27552,1,1,1,1
22.27552,1,1,0,1
22.27552,1,1,0,1
21.53017,1,0,0,0
22.27552,1,1,1,1
19.2891,1,1,0,1
21.72063,1,1,0,1
21.72063,1,1,0,1
22.27552,1,1,0,1
22.27552,1,1,0,1
22.06915,1,1,1,1
22.27552,1,1,1,1
22.41159,1,0,0,1
22.53391,1,1,1,1
22.41159,1,0,0,1
22.27552,1,1,0,1
21.72063,1,1,0,1
22.27552,1,0,0,0
22.41159,1,0,0,1
22.27552,1,1,0,1
22.41159,1,1,1,1
22.53391,1,1,0,1
21.53017,1,1,1,1
22.53391,1,0,1,1
21.53017,0,0,0,1
22.53391,1,1,0,1
22.06915,1,1,1,0
22.41159,1,1,1,1
22.53391,1,1,0,1
22.27552,1,1,0,1
22.53391,1,1,0,1
21.72063,1,1,0,1
22.41159,1,1,1,1
22.53391,1,1,1,1
22.53391,1,1,1,1
22.27552,1,1,1,1
22.27552,1,1,1,1
22.53391,1,1,1,1
22.53391,1,1,1,1
22.27552,0,1,0,1
21.72063,1,0,0,1
21.53017,1,1,1,1
22.27552,1,0,0,1
22.27552,1,1,0,1
21.72063,0,1,0,1
22.27552,1,1,1,1
22.53391,1,1,1,1
21.72063,1,0,0,1
17.40756,0,1,0,1
22.39378,1,0,0,1
19.2891,1,1,0,1
21.72063,1,1,0,1
22.41159,1,1,1,1
22.27552,1,1,1,1
22.39378,1,1,0,1
21.72063,1,1,0,1
22.41159,1,1,1,1
22.41159,1,1,1,1
21.72063,1,1,0,1
22.53391,1,1,0,1
21.53017,1,1,1,1
22.53391,1,0,0,1
22.39378,1,1,0,1
21.72063,1,1,0,1
22.27552,1,1,0,1
22.39378,0,0,0,1
21.72063,1,1,0,1
21.72063,1,1,0,1
22.39378,1,1,0,1
22.41159,1,1,1,1
22.53391,1,1,1,1
22.41159,1,0,0,1
22.53391,1,1,0,1
21.72063,0,1,0,1
21.72063,1,1,0,1
19.2891,1,1,0,1
21.72063,1,1,0,1
22.41159,1,1,1,1
21.53017,0,0,0,1
21.72063,1,1,1,1
22.27552,1,0,1,1
22.27552,1,1,0,1
22.53391,1,1,1,1
22.53391,1,1,0,1
22.53391,1,1,0,1
22.53391,1,0,0,1
22.27552,1,0,0,1
21.72063,0,1,0,0
22.53391,1,1,0,1
22.53391,1,1,1,1
22.06915,1,1,1,1
21.72063,1,0,0,1
22.27552,1,1,1,1
22.53391,1,1,0,1
22.53391,1,1,1,1
22.53391,1,0,1,1
21.72063,1,1,0,1
22.41159,1,1,1,1
22.27552,1,1,0,1
22.41159,1,1,1,1
22.53391,1,1,1,1
22.53391,1,1,1,1
22.27552,1,1,0,1
22.53391,1,1,1,1
22.27552,1,1,0,1
22.53391,0,1,0,1
17.40756,0,1,0,1
22.53391,1,1,1,1
22.27552,1,1,0,1
22.41159,1,1,1,1
22.53391,1,1,1,1
21.53017,0,0,0,1
22.53391,1,0,0,0
22.39378,1,1,0,1
22.06915,1,1,0,1
22.27552,0,0,0,1
22.27552,0,1,0,1
22.41159,1,1,1,1
22.53391,1,1,1,1
22.41159,1,1,1,1
22.53391,1,1,1,1
22.53391,1,1,1,1
21.53017,0,0,0,1
22.39378,1,1,0,1
22.53391,1,1,1,1
22.41159,1,1,0,1
22.41159,1,1,1,1
19.2891,0,0,0,1
22.27552,1,1,0,1
22.53391,1,0,1,1
22.53391,1,1,1,1
21.72063,1,1,0,1
22.41159,1,1,1,1
22.53391,1,0,0,1
22.27552,1,1,0,1
22.53391,1,1,1,1
22.53391,0,0,0,1
22.06915,1,1,0,1
22.41159,0,1,0,1
21.72063,1,1,0,0
22.53391,0,1,0,1
22.41159,1,1,1,1
21.72063,1,1,0,1
22.41159,1,1,1,1
22.39378,1,1,0,1
22.41159,1,1,1,1
17.40756,1,1,0,1
19.2891,1,1,0,1
22.53391,1,1,1,1
22.41159,1,1,1,1
22.41159,1,1,1,1
22.41159,1,1,1,0
22.27552,1,0,0,1
19.2891,1,0,0,1
22.41159,1,1,1,0
22.39378,1,1,0,1
21.72063,1,1,0,1
22.41159,1,1,1,1
22.39378,1,1,0,1
22.27552,1,1,0,1
22.41159,1,1,0,1
22.27552,1,1,0,1
22.41159,1,1,1,1
22.06915,0,0,0,1
22.27552,1,1,0,1
21.72063,0,1,0,1
22.27552,1,0,0,1
22.53391,1,0,0,1
22.53391,1,0,0,0
22.06915,1,1,1,1
22.53391,1,1,1,1
17.40756,1,1,0,1
22.53391,1,1,0,1
22.27552,1,0,0,1
22.39378,1,1,0,1
22.41159,1,1,1,1
22.53391,1,1,1,1
22.53391,1,1,1,1
22.41159,1,0,1,1
22.27552,0,1,0,1
22.06915,1,1,1,1
22.41159,1,1,0,0
22.06915,1,1,0,0
22.53391,1,1,1,1
21.72063,0,0,0,1
22.27552,1,1,0,1
21.53017,1,1,1,0
22.41159,1,1,1,1
22.41159,1,1,1,1
22.39378,1,1,0,1
22.41159,1,1,1,1
22.53391,1,1,1,1
22.41159,1,1,1,1
22.53391,1,1,1,1
22.39378,1,1,0,1
22.41159,1,1,1,1
22.41159,0,0,0,1
22.27552,1,1,0,1
22.53391,1,1,0,1
22.27552,0,0,0,1
22.53391,1,1,1,1
22.41159,1,1,1,1
22.39378,0,0,0,1
22.53391,1,1,1,1
22.53391,0,0,0,1
22.39378,1,1,0,1
21.72063,1,1,0,1
22.53391,1,1,1,1
22.41159,1,1,1,1
17.43159,1,1,0,1
22.27552,1,1,1,1
22.41159,1,1,1,1
21.72063,1,1,0,1
22.53391,1,1,1,1
21.72063,1,1,0,1
22.39378,1,1,0,1
22.41159,1,0,1,1
22.53391,1,1,1,1
22.53391,1,1,1,1
22.53391,1,1,0,1
22.53391,1,1,1,1
19.2891,1,1,0,1
22.41159,1,1,1,1
21.53017,0,0,0,1
22.27552,1,1,0,0
22.41159,1,1,1,1
22.41159,1,1,0,1
21.72063,1,0,0,1
22.53391,1,1,1,1
22.27552,1,0,0,1
22.53391,1,1,1,1
22.53391,1,1,0,1
22.27552,1,1,1,1
22.27552,1,1,0,1
22.06915,1,1,1,1
22.06915,1,1,1,0
17.43159,1,0,0,1
22.53391,1,1,0,1
22.53391,1,1,1,1
22.53391,1,0,0,1
22.27552,1,0,0,1
22.41159,1,1,0,1
17.43159,1,0,0,1
22.27552,0,0,0,1
21.72063,1,1,0,1
22.27552,1,1,1,1
22.41159,1,1,1,1
22.41159,1,0,0,1
22.53391,1,1,1,1
22.27552,1,1,0,1
21.72063,1,1,0,1
22.41159,1,1,1,1
22.27552,0,1,0,1
22.53391,1,1,1,1
22.27552,1,1,0,1
22.53391,0,0,0,1
21.72063,1,1,0,1
22.53391,1,1,0,1
22.53391,1,1,0,0
21.72063,1,1,0,1
22.41159,1,1,1,1
22.53391,1,1,1,1
22.06915,1,1,0,0
22.53391,1,0,0,1
22.53391,1,1,1,1
22.27552,0,0,0,1
21.72063,1,1,0,1
22.27552,1,1,1,1
22.27552,1,0,0,1
22.41159,1,1,1,1
22.53391,1,1,0,1
22.06915,1,1,1,1
22.27552,1,1,0,1
22.53391,1,0,0,0
22.41159,0,1,1,1
22.41159,1,1,0,1
22.27552,1,1,0,1
22.27552,1,0,0,1
22.53391,1,1,1,1
22.41159,1,1,1,1
22.41159,1,1,1,0
21.72063,1,1,0,1
22.27552,1,1,0,1
22.53391,1,1,1,1
22.41159,1,1,0,1
22.53391,1,1,1,1
21.72063,1,0,0,1
22.27552,1,0,0,1
22.41159,1,1,1,1
22.53391,1,1,1,1
22.41159,1,1,1,1
22.41159,1,1,1,1
22.41159,1,1,1,1
21.53017,0,0,0,0
22.53391,0,0,1,0
22.27552,1,1,1,1
22.27552,1,1,1,1
22.27552,0,1,0,1
22.27552,1,1,0,0
22.53391,1,1,1,1
22.53391,1,1,1,1
21.72063,1,1,0,1
22.53391,1,0,1,1
22.53391,1,1,1,1
21.72063,1,1,0,1
22.27552,1,1,0,1
21.53017,0,0,0,1
22.27552,1,1,0,1
21.72063,1,1,0,1
22.53391,1,1,1,1
22.53391,1,1,1,1
21.72063,1,1,0,1
22.53391,1,1,0,1
22.39378,1,0,0,1
22.27552,0,0,0,1
22.41159,1,1,1,1
22.06915,1,0,0,0
22.06915,1,1,0,0
22.53391,1,1,1,1
22.53391,0,1,0,1
22.53391,1,1,1,1
17.40756,0,0,0,1
17.43159,1,0,0,1
22.41159,1,1,0,0
21.72063,0,1,0,1
21.72063,0,1,0,1
22.27552,1,1,0,1
22.53391,1,1,0,1
22.27552,1,0,0,0
22.53391,1,1,0,1
22.53391,1,0,1,0
22.41159,1,1,1,1
22.39378,0,0,0,1
22.41159,1,1,1,1
22.53391,1,1,1,1
22.27552,0,1,0,1
22.27552,1,1,1,1
22.53391,1,1,1,1
21.72063,1,0,0,1
22.53391,1,1,0,1
22.53391,1,1,0,1
22.41159,1,1,1,1
16.87992,1,0,0,1
22.27552,1,1,0,1
22.27552,0,0,0,1
22.53391,1,1,0,1
22.53391,1,0,0,1
22.53391,0,1,0,1
22.53391,0,0,0,1
22.53391,1,1,1,1
22.41159,1,1,1,1
21.72063,1,1,0,1
22.27552,1,1,0,1
22.53391,1,0,0,1
22.53391,1,0,0,1
22.41159,1,1,1,1
22.53391,0,1,0,1
22.27552,1,0,0,1
22.27552,1,1,0,1
22.41159,1,1,0,1
22.53391,1,1,0,1
22.53391,1,1,0,1
22.53391,1,0,1,1
22.41159,1,1,1,1
22.06915,1,1,1,1
22.53391,1,1,0,1
22.06915,1,0,0,0
22.27552,1,0,0,1
22.27552,0,1,1,1
22.27552,1,1,0,1
22.41159,1,1,1,1
19.2891,1,1,0,1
22.27552,1,0,0,1
22.53391,1,1,1,1
22.27552,1,1,0,1
22.27552,0,1,0,1
22.06915,1,1,0,1
21.72063,0,1,0,1
22.27552,0,0,0,1
22.27552,1,1,0,1
22.53391,1,0,0,1
22.27552,1,1,0,1
22.06915,1,1,0,1
22.41159,0,0,0,1
22.53391,1,1,0,1
22.53391,1,0,0,1
22.53391,1,1,0,1
22.53391,1,1,0,1
22.53391,1,0,0,1
20.89957,1,1,0,0
21.72063,1,1,0,1
22.41159,1,1,0,1
22.27552,1,1,0,1
22.39378,1,0,0,1
22.53391,1,0,0,1
20.89957,1,1,0,0
22.27552,0,0,0,1
22.41159,1,0,0,1
22.41159,1,1,1,1
22.27552,1,0,0,1
22.06915,1,1,1,1
22.27552,1,0,0,1
22.41159,1,0,0,0
22.41159,1,0,0,0
22.41159,1,0,0,1
22.53391,1,0,1,1
22.06915,0,0,0,1
22.27552,1,1,0,1
22.39378,1,1,0,1
22.27552,1,0,0,1
22.41159,1,1,1,0
22.27552,1,0,0,0
17.40756,0,1,0,1
22.39378,0,1,0,1
22.06915,1,1,0,0
22.27552,1,1,1,1
22.41159,1,1,1,1
22.53391,1,1,0,1
22.39378,1,1,0,1
17.43159,1,0,0,1
22.27552,1,1,0,1
21.72063,1,1,0,1
21.72063,0,0,0,1
21.72063,1,1,0,1
22.41159,1,1,1,1
22.53391,0,0,1,1
22.27552,1,0,0,1
22.53391,1,1,0,1
22.06915,1,1,1,1
21.72063,1,1,0,1
22.39378,1,1,0,1
22.27552,1,1,0,1
21.72063,0,1,0,1
22.27552,1,1,1,1
22.53391,1,1,0,1
22.41159,1,1,1,1
22.53391,1,1,0,1
22.27552,0,0,0,1
22.53391,1,1,1,1
22.27552,1,1,1,1
22.53391,1,1,0,0
22.53391,1,1,0,1
22.27552,1,0,1,1
22.27552,1,1,0,1
21.53017,0,0,0,1
21.72063,0,1,0,1
22.53391,1,1,1,1
21.72063,1,1,0,1
22.41159,1,1,0,1
22.39378,1,1,0,0
22.41159,1,1,1,1
22.27552,0,1,0,1
22.53391,1,1,0,1
22.27552,1,1,0,1
21.72063,0,1,0,1
22.53391,1,1,1,1
21.72063,1,1,0,1
22.53391,1,1,0,1
22.27552,1,0,0,1
21.72063,1,1,0,1
21.53017,0,0,0,1
22.27552,1,1,1,1
17.43159,1,0,0,1
21.72063,1,1,0,1
22.41159,1,1,1,1
22.53391,1,1,0,1
22.27552,1,1,0,1
22.41159,1,1,1,1
21.72063,1,1,0,1
22.39378,0,1,0,1
22.27552,1,1,1,1
21.72063,0,1,0,1
22.27552,0,0,0,1
22.53391,1,0,0,0
22.27552,0,1,0,1
22.41159,1,1,0,1
21.72063,0,0,0,1
22.27552,1,1,0,1
22.27552,1,0,0,1
22.41159,1,0,0,1
22.39378,1,1,0,1
22.41159,1,0,0,0
22.53391,0,0,0,1
22.06915,1,1,1,1
22.27552,1,1,0,1
22.27552,1,1,0,0
21.72063,0,1,0,1
21.72063,0,0,0,1
22.41159,1,1,1,0
21.72063,1,1,0,1
22.53391,1,1,1,1
22.41159,1,1,1,1
22.39378,0,1,0,1
22.53391,1,1,0,0
20.89957,1,1,1,1
22.27552,1,0,0,1
21.72063,1,1,0,1
22.53391,1,0,0,1
21.72063,1,0,0,0
22.27552,1,1,0,1
22.39378,1,1,0,1
22.27552,1,1,1,1
22.53391,1,1,0,1
21.72063,1,1,1,1
22.53391,1,1,0,1
21.53017,1,1,1,1
22.39378,1,0,0,1
22.41159,1,1,1,1
22.27552,1,1,1,1
22.41159,1,1,1,1
22.27552,1,1,0,1
22.53391,1,0,1,1
21.72063,0,0,0,0
22.53391,0,1,1,1
22.53391,1,1,0,1
22.39378,1,0,0,1
22.53391,1,0,1,1
22.41159,1,1,1,1
22.41159,1,1,1,1
21.72063,1,0,0,1
22.06915,1,1,1,1
22.53391,1,0,0,0
21.72063,1,1,0,1
22.53391,1,1,1,1
22.41159,1,1,0,1
22.27552,1,1,0,1
22.53391,1,1,0,1
21.72063,0,1,0,0
22.27552,1,0,0,1
17.43159,1,1,0,1
22.53391,1,0,0,1
21.72063,1,1,0,1
22.53391,1,0,0,1
21.72063,0,0,0,1
22.27552,1,0,0,0
22.06915,1,1,0,0
22.53391,1,0,0,1
22.27552,1,1,0,0
21.72063,1,0,0,1
22.53391,1,1,0,0
22.27552,0,1,0,1
22.39378,0,0,0,1
22.39378,1,0,0,1
22.39378,1,0,0,1
22.27552,1,1,0,1
22.41159,1,1,1,0
22.27552,0,0,0,1
21.72063,1,1,0,1
22.06915,1,1,1,1
21.72063,0,0,0,1
22.27552,1,1,0,1
22.53391,1,0,0,1
22.27552,1,0,0,1
22.41159,1,0,1,1
22.27552,1,0,0,0
21.72063,1,0,0,1
22.41159,1,1,1,1
21.72063,1,1,0,1
22.53391,1,1,1,1
17.43159,1,0,0,1
22.41159,1,1,1,1
17.43159,1,0,0,1
21.72063,1,1,0,1
22.53391,1,0,0,0
21.72063,0,1,0,1
22.53391,1,1,1,1
22.06915,1,0,0,0
22.53391,1,1,0,0
22.53391,1,1,1,1
22.41159,1,1,0,0
22.27552,1,0,1,0
22.41159,1,1,1,0
22.41159,1,1,1,1
20.89957,1,1,1,1
22.41159,1,1,0,1
22.41159,1,1,0,1
22.53391,1,1,0,1
22.41159,1,1,1,1
22.53391,0,0,0,1
22.41159,1,1,1,1
22.41159,1,1,1,1
21.53017,1,0,0,1
22.41159,1,1,1,1
21.72063,1,1,0,1
22.41159,1,1,1,1
22.53391,1,1,1,1
22.41159,1,1,1,1
22.53391,1,0,0,1
22.06915,1,1,1,1
22.41159,1,1,1,1
22.27552,0,0,0,1
22.41159,1,1,1,1
22.41159,1,1,1,1
22.53391,1,1,0,1
22.41159,1,1,1,1
22.41159,1,0,1,0
22.53391,1,1,0,1
22.27552,1,1,0,1
21.53017,1,0,0,0
21.53017,1,0,0,1
22.27552,0,0,0,1
22.53391,1,1,1,1
22.27552,0,1,0,1
22.53391,1,1,0,1
22.27552,1,1,0,1
17.43159,0,1,0,1
22.53391,1,0,1,1
22.53391,1,1,1,1
20.89957,1,0,0,0
22.06915,1,1,0,1
22.41159,0,0,0,1
22.41159,1,1,0,0
22.41159,1,1,0,1
22.41159,0,1,1,1
21.72063,1,0,0,1
22.41159,1,1,1,0
22.53391,1,1,0,1
22.53391,1,1,0,1
22.06915,1,1,1,0
22.41159,1,1,0,1
22.41159,1,0,0,0
22.41159,1,1,1,1
22.06915,0,1,1,1
21.53017,0,0,0,1
22.53391,0,0,0,1
22.53391,1,1,1,1
20.89957,0,1,0,1
22.53391,0,0,1,1
22.53391,1,0,1,1
22.53391,1,1,0,1
22.41159,1,1,1,1
22.53391,1,1,0,1
22.39378,1,0,0,1
22.53391,1,1,1,1
22.41159,1,0,0,1
22.53391,1,1,1,1
21.72063,1,0,0,1
22.53391,0,1,1,1
22.27552,0,1,0,1
22.06915,1,1,1,0
21.53017,1,1,1,1
21.72063,0,1,0,1
22.27552,0,0,0,1
22.41159,1,0,0,0
22.53391,1,1,0,1
22.53391,1,1,0,1
22.06915,1,1,0,0
19.63956,1,0,0,1
22.06915,0,1,1,1
22.53391,1,1,1,1
22.53391,1,1,1,1
22.41159,1,1,1,1
22.06915,1,0,0,1
22.06915,0,0,0,1
22.06915,1,1,1,1
22.06915,1,0,0,0
22.53391,1,1,0,1
22.27552,0,1,0,1
21.72063,1,1,0,1
21.72063,1,1,1,1
21.53017,0,1,1,1
21.72063,1,0,0,1
22.39378,1,1,0,1
22.53391,1,0,0,1
21.72063,0,0,0,1
17.40756,0,0,0,1
22.27552,1,1,1,1
22.27552,1,1,0,1
21.72063,1,0,0,1
22.41159,1,1,1,1
21.72063,1,0,0,1
22.39378,1,1,0,1
21.72063,1,1,0,1
22.27552,1,1,0,1
21.72063,1,0,0,1
22.39378,0,0,0,1
19.2891,1,0,0,0
22.53391,1,1,1,1
21.72063,1,0,0,1
22.53391,1,0,0,0
21.72063,1,1,0,1
22.27552,1,1,0,1
22.27552,1,0,0,1
21.72063,1,1,0,1
21.53017,1,0,0,0
21.72063,0,1,0,1
22.39378,1,0,0,1
22.39378,1,1,0,1
22.39378,1,1,0,0
22.41159,1,1,1,1
22.39378,0,1,0,1
22.06915,0,0,0,1
16.87992,1,0,0,1
22.41159,1,1,1,0
22.39378,1,0,0,1
22.27552,1,1,0,1
21.72063,1,1,0,1
21.72063,1,1,0,1
22.53391,1,0,1,1
22.41159,1,1,0,1
21.53017,1,1,1,1
22.27552,1,1,1,1
22.39378,1,0,0,1
21.72063,1,1,0,0
22.53391,1,1,1,1
22.53391,1,1,0,1
22.39378,1,1,0,1
21.53017,0,0,0,1
22.06915,1,1,0,1
22.39378,1,1,0,1
22.53391,1,1,0,0
22.53391,1,0,1,1
21.72063,1,0,0,1
22.27552,0,0,0,1
22.53391,1,0,0,0
22.53391,1,0,1,1
21.72063,1,0,0,0
22.41159,1,1,1,1
22.41159,0,1,0,0
22.53391,1,1,0,0
19.63956,1,1,1,1
18.86238,1,0,1,0
22.27552,0,0,0,1
22.53391,1,0,0,0
22.53391,1,1,0,1
22.06915,1,1,1,0
22.41159,1,0,1,0
22.53391,0,0,1,1
22.27552,1,1,0,0
22.39378,1,1,0,1
21.53017,0,0,0,1
20.89957,1,0,1,0
22.27552,0,1,0,1
22.41159,1,1,0,1
22.53391,1,0,0,0
22.27552,0,0,0,1
16.87992,1,0,0,1
19.2891,1,1,0,1
17.40756,1,1,0,1
17.40756,1,0,0,1
22.53391,1,0,0,1
22.39378,1,1,0,1
22.39378,1,0,0,1
22.39378,1,0,0,1
22.39378,1,1,0,0
21.72063,1,0,0,0
22.39378,1,0,0,1
21.72063,0,0,0,1
21.72063,1,0,0,0
21.72063,1,1,0,1
21.72063,1,1,0,1
21.72063,1,0,0,1
21.72063,0,1,0,1
21.72063,1,1,0,1
21.72063,1,1,0,1
22.27552,1,0,0,1
21.72063,1,1,0,0
22.06915,1,1,0,1
21.72063,1,0,0,1
21.72063,1,0,0,0
18.90116,1,1,0,1
22.41159,1,1,1,1
22.53391,1,0,0,1
22.06915,1,1,1,1
20.89957,0,1,0,1
20.89957,1,1,0,1
21.53017,0,0,0,1
22.06915,1,0,1,0
22.41159,1,1,1,0
22.53391,1,0,0,0
22.06915,1,1,1,0
22.06915,0,0,0,1
22.53391,1,0,0,1
22.41159,1,1,0,0
20.89957,1,1,1,1
22.53391,1,1,1,1
20.89957,1,1,1,1
22.06915,1,1,0,1
21.53017,0,1,1,1
22.06915,1,0,0,0
20.89957,1,1,1,0
20.89957,0,1,0,1
22.41159,1,1,1,0
22.41159,1,1,0,1
22.06915,1,1,1,1
20.89957,1,0,0,1
22.06915,1,1,1,1
22.41159,1,1,1,1
22.06915,1,1,1,0
22.41159,1,1,0,0
21.72063,1,0,0,1
22.06915,1,1,1,1
20.89957,1,1,1,1
21.53017,0,1,1,1
20.89957,1,1,1,1
21.53017,1,1,1,1
20.89957,1,0,1,1
22.41159,1,0,0,0
20.89957,1,0,0,0
18.86238,1,1,1,1
20.89957,1,1,1,1
21.72063,1,1,0,1
22.39378,0,0,0,1
22.06915,0,0,1,1
22.06915,1,1,1,1
22.41159,1,1,0,1
21.53017,0,0,0,1
20.89957,1,1,1,1
22.41159,1,1,1,1
19.63956,0,0,0,1
19.63956,0,0,0,1
22.41159,1,1,1,1
22.06915,1,1,1,1
22.06915,1,1,0,0
22.53391,1,1,1,0
22.06915,1,1,1,0
22.53391,1,0,0,1
20.89957,1,1,1,1
20.89957,1,1,0,1
22.53391,1,0,1,0
20.89957,1,1,0,1
21.53017,0,0,0,1
22.06915,1,1,1,1
22.53391,1,1,0,1
22.53391,1,1,1,1
22.41159,1,1,1,1
22.06915,1,1,0,0
20.89957,1,0,0,0
22.53391,1,1,0,1
22.06915,1,1,0,0
22.41159,1,1,1,0
22.53391,1,0,0,1
20.89957,1,1,1,0
22.06915,1,1,0,1
22.41159,1,1,0,1
22.06915,1,1,1,1
21.53017,1,0,0,0
19.63956,1,1,1,1
22.53391,1,0,0,1
20.89957,1,1,1,1
22.06915,1,1,1,1
19.63956,1,1,1,1
19.63956,1,1,1,1
22.41159,1,0,1,1
20.89957,1,1,0,0
22.41159,1,1,0,1
22.06915,1,1,0,0
21.53017,1,1,1,1
21.53017,1,0,0,1
20.89957,1,1,1,0
22.41159,1,1,0,0
22.27552,1,0,0,1
21.53017,0,1,1,1
22.53391,1,0,0,1
22.41159,0,0,0,1
22.06915,0,1,1,1
20.89957,1,1,1,1
22.41159,1,1,1,1
22.41159,1,1,1,0
21.53017,1,1,0,0
22.06915,1,1,0,1
22.06915,1,1,1,1
22.53391,1,1,1,1
22.06915,1,1,0,1
21.53017,1,0,0,1
22.27552,1,1,1,1
20.89957,1,0,0,0
22.06915,1,1,1,0
22.06915,1,1,0,1
22.06915,1,0,0,0
20.89957,1,1,0,1
22.27552,1,1,1,1
22.53391,1,1,1,1
19.63956,1,1,0,0
22.06915,1,1,1,1
20.89957,1,0,0,0
18.86238,1,0,0,1
22.27552,1,0,0,1
20.89957,1,1,1,1
21.53017,0,0,1,1
21.72063,1,0,0,1
20.89957,1,0,0,1
22.41159,1,1,1,1
18.86238,1,1,1,1
22.06915,1,0,0,0
20.89957,1,1,1,1
19.63956,1,1,0,1
19.63956,1,0,1,1
22.41159,1,1,1,1
22.06915,1,1,1,0
21.53017,1,0,0,1
22.06915,1,0,0,1
20.89957,1,1,0,0
22.53391,1,1,0,1
22.53391,1,0,0,0
22.06915,1,1,1,1
22.06915,1,0,0,1
22.53391,1,0,1,1
22.41159,1,1,1,1
22.06915,1,1,1,0
18.86238,1,0,0,0
22.41159,1,1,1,0
20.89957,1,1,0,1
22.41159,1,1,1,0
21.53017,0,0,0,1
22.27552,1,1,0,1
22.27552,1,0,0,1
22.27552,1,0,0,0
21.72063,1,1,0,1
22.27552,0,0,0,1
21.53017,1,1,1,1
18.86238,1,1,0,0
22.27552,1,1,1,1
21.72063,1,0,0,1
22.41159,1,1,0,1
18.90116,1,1,1,1
22.06915,1,1,0,0
21.72063,1,0,0,1
22.27552,1,0,0,1
22.27552,1,1,0,1
22.27552,1,0,0,1
22.27552,1,1,0,1
22.27552,1,0,0,1
22.53391,1,1,1,1
22.53391,1,1,0,1
22.41159,1,1,0,1
22.53391,1,1,0,1
22.41159,1,1,0,0
22.06915,1,1,1,1
22.06915,1,1,1,0
22.06915,1,1,1,0
22.06915,1,1,1,1
22.41159,1,1,1,1
22.06915,1,1,0,1
19.63956,1,1,1,1
20.89957,1,1,1,1
22.27552,1,1,1,1
21.53017,0,0,0,1
19.63956,1,1,1,1
20.89957,1,1,0,0
21.53017,1,0,0,1
18.86238,1,1,0,1
22.06915,1,1,1,1
21.53017,0,1,1,1
21.53017,0,0,0,1
22.06915,1,1,0,1
21.53017,1,0,0,1
22.06915,0,1,1,1
21.53017,1,0,0,1
19.63956,1,1,0,0
21.53017,1,1,1,1
22.06915,1,1,1,0
18.86238,1,1,1,1
22.53391,1,0,0,1
18.86238,1,1,0,0
18.90116,1,1,1,0
18.90116,0,0,0,0
18.86238,1,0,1,0
18.90116,1,1,1,0
21.53017,1,0,1,0
18.90116,1,0,0,0
21.53017,1,0,0,0
22.06915,1,1,0,0
18.90116,1,1,1,0
18.86238,1,0,0,0
18.86238,1,1,1,0
18.86238,1,0,1,0
18.90116,1,0,0,0
18.86238,1,1,1,0
18.90116,1,1,1,0
18.86238,1,0,0,0
18.90116,1,1,1,0
18.86238,1,0,1,0
21.53017,0,0,0,1
18.86238,1,1,1,0
18.86238,1,0,0,0
18.90116,1,1,0,0
21.53017,0,0,0,1
18.90116,1,0,1,0
21.53017,1,1,1,0
18.86238,1,0,0,0
19.63956,1,0,1,0
20.89957,1,0,0,0
18.90116,1,1,1,0
18.90116,1,1,0,0
18.90116,1,1,0,0
18.90116,1,0,0,0
18.90116,1,1,1,0
18.90116,1,1,0,0
18.86238,1,0,0,0
18.86238,1,0,0,0
18.90116,1,0,1,0
18.90116,1,1,1,0
18.86238,1,1,1,0
18.90116,1,1,1,0
18.90116,1,1,1,0
18.90116,1,0,1,0
18.86238,1,1,0,0
18.90116,1,0,1,0
18.90116,1,0,0,0
18.86238,1,0,0,0
18.86238,1,0,1,0
21.53017,1,0,0,1
18.86238,1,1,0,0
18.86238,1,0,0,0
18.86238,1,1,1,0
18.90116,1,0,0,0
18.90116,1,1,1,0
21.53017,0,0,0,0
18.90116,1,0,0,0
21.53017,1,0,1,0
19.63956,1,0,0,0
18.90116,1,0,1,0
18.86238,1,1,1,0
18.90116,1,0,0,0
18.86238,1,0,0,0
18.90116,1,1,0,0
19.63956,1,0,1,0
18.90116,1,1,1,1
21.53017,0,1,1,1
18.86238,1,1,0,0
18.90116,1,0,0,0
18.86238,1,1,0,0
18.90116,1,0,0,0
18.90116,1,1,1,0
18.86238,1,0,0,0
22.27552,1,0,0,0
22.41159,1,1,0,0
21.53017,1,1,1,1
22.27552,1,1,0,0
19.63956,1,1,1,1
22.41159,1,1,0,0
21.72063,1,1,0,0
22.06915,1,0,0,1
18.90116,1,1,1,1
21.53017,1,1,1,1
22.53391,1,1,0,0
22.06915,1,1,1,0
21.53017,0,0,0,0
20.89957,1,1,1,0
19.63956,1,0,0,0
20.89957,1,0,0,0
20.89957,1,0,0,0
22.27552,1,0,0,0
22.53391,1,0,0,0
22.41159,1,0,0,0
22.53391,1,0,0,0
22.53391,0,0,1,0
19.63956,1,1,0,0
22.41159,1,0,0,0
22.27552,1,0,0,0
22.41159,1,1,1,0
22.06915,1,0,0,0
22.41159,1,0,0,0
20.89957,1,1,1,0
22.41159,1,0,0,0
22.06915,1,1,1,0
22.06915,1,1,1,0
21.53017,1,0,0,0
22.53391,1,0,0,0
22.41159,0,0,0,0
22.27552,1,0,0,0
22.53391,1,1,0,0
22.53391,1,0,1,0
22.41159,1,0,1,0
22.41159,1,0,0,0
18.86238,1,0,0,1
20.89957,1,0,0,0
20.89957,1,1,1,0
22.06915,1,1,1,0
22.06915,1,0,0,0
22.06915,1,0,1,0
22.41159,1,1,1,0
22.06915,1,0,0,0
22.41159,1,1,1,0
22.41159,1,1,0,0
20.89957,1,0,0,0
21.53017,0,0,0,0
21.53017,0,0,0,0
21.53017,0,0,0,0
21.53017,0,0,0,0
21.53017,0,0,0,0
21.53017,0,0,0,0
21.53017,0,0,0,0
21.53017,0,0,0,0
